Sample,Timestamp,Raw Encoder Reading,Measured Motor Steps,Target Motor Steps,Current Error,PID Control Signal,PID P Term,PID I Term,PID D Term
0,0.05,0,0.00,-0.00,-0.00,-0.0,0.5,0.5,0.5
1,10.05,0,0.00,-0.00,-0.00,-0.0,0.5,0.5,0.5
2,20.05,0,0.00,-0.00,-0.00,-0.0,0.5,0.5,0.5
3,30.05,0,0.00,-0.00,-0.00,-0.0,0.5,0.5,0.5
4,40.05,0,0.00,-0.00,-0.00,-0.0,0.5,0.5,0.5
5,50.05,0,0.00,-0.00,-0.00,-0.0,0.5,0.5,0.5
6,60.05,0,0.00,-0.00,-0.00,-0.0,0.5,0.5,0.5
7,70.05,0,0.00,0.19,0.19,0.2,0.5,0.5,0.5
8,80.05,0,0.00,0.99,0.99,1.0,0.5,0.5,0.5
9,90.05,0,0.00,2.67,2.67,2.7,0.5,0.5,0.5
10,100.05,0,0.00,5.22,5.22,5.2,0.5,0.5,0.5
11,110.05,0,0.00,8.34,8.34,8.3,0.5,0.5,0.5
12,120.05,0,0.00,11.67,11.67,11.7,0.5,0.5,0.5
13,130.05,0,0.00,15.01,15.01,15.0,0.5,0.5,0.5
14,140.05,0,0.00,18.34,18.34,18.3,0.5,0.5,0.5
15,150.05,0,0.00,21.67,21.67,21.7,0.5,0.5,0.5
16,160.05,0,0.00,25.01,25.01,25.0,0.5,0.5,0.5
17,170.05,0,0.00,28.34,28.34,28.3,0.6,0.4,0.6
18,180.05,0,0.00,31.67,31.67,31.7,0.6,0.4,0.6
19,190.05,0,0.00,35.01,35.01,35.0,0.6,0.4,0.6
20,200.05,0,0.00,38.34,38.34,38.3,0.6,0.4,0.6
21,210.05,0,0.00,41.67,41.67,41.7,0.6,0.4,0.6
22,220.05,0,0.00,45.01,45.01,45.0,0.6,0.4,0.6
23,230.05,0,0.00,48.34,48.34,48.3,0.6,0.4,0.6
24,240.05,0,0.00,51.67,51.67,51.7,0.6,0.4,0.6
25,250.05,0,0.00,55.01,55.01,55.0,0.6,0.4,0.6
26,260.05,0,0.00,58.34,58.34,58.3,0.6,0.4,0.6
27,270.05,0,0.00,61.67,61.67,61.7,0.6,0.4,0.6
28,280.05,0,0.00,65.01,65.01,65.0,0.6,0.4,0.6
29,290.05,0,0.00,68.34,68.34,68.3,0.6,0.4,0.6
30,300.05,0,0.00,71.67,71.67,71.7,0.6,0.4,0.6
31,310.05,0,0.00,75.01,75.01,75.0,0.6,0.4,0.6
32,320.05,0,0.00,78.34,78.34,78.3,0.7,0.3,0.7
33,330.05,0,0.00,81.67,81.67,81.7,0.7,0.3,0.7
34,340.05,0,0.00,85.01,85.01,85.0,0.7,0.3,0.7
35,350.05,0,0.00,88.34,88.34,88.3,0.7,0.3,0.7
36,360.05,0,0.00,91.67,91.67,91.7,0.7,0.3,0.7
37,370.05,0,0.00,95.01,95.01,95.0,0.7,0.3,0.7
38,380.05,0,0.00,98.34,98.34,98.3,0.7,0.3,0.7
39,390.05,0,0.00,101.67,101.67,101.7,0.7,0.3,0.7
40,400.05,0,0.00,105.01,105.01,105.0,0.7,0.3,0.7
41,410.05,0,0.00,108.34,108.34,108.3,0.7,0.3,0.7
42,420.05,0,0.00,111.67,111.67,111.7,0.7,0.3,0.7
43,430.05,0,0.00,115.01,115.01,115.0,0.7,0.3,0.7
44,440.05,0,0.00,118.34,118.34,118.3,0.7,0.3,0.7
45,450.05,0,0.00,121.67,121.67,121.7,0.7,0.3,0.7
46,460.05,0,0.00,125.01,125.01,125.0,0.7,0.3,0.7
47,470.05,0,0.00,128.34,128.34,128.4,0.8,0.2,0.8
48,480.05,0,0.00,131.67,131.67,131.6,0.8,0.2,0.8
49,490.05,0,0.00,135.01,135.01,135.0,0.8,0.2,0.8
50,500.05,0,0.00,138.34,138.34,138.4,0.8,0.2,0.8
51,510.05,0,0.00,141.67,141.67,141.6,0.8,0.2,0.8
52,520.05,0,0.00,145.01,145.01,145.0,0.8,0.2,0.8
53,530.05,0,0.00,148.34,148.34,148.4,0.8,0.2,0.8
54,540.05,0,0.00,151.67,151.67,151.6,0.8,0.2,0.8
55,550.05,0,0.00,155.01,155.01,155.0,0.8,0.2,0.8
56,560.05,0,0.00,158.34,158.34,158.4,0.8,0.2,0.8
57,570.05,0,0.00,161.67,161.67,161.6,0.8,0.2,0.8
58,580.05,0,0.00,165.01,165.01,165.0,0.8,0.2,0.8
59,590.05,0,0.00,168.34,168.34,168.4,0.8,0.2,0.8
60,600.05,0,0.00,171.67,171.67,171.6,0.8,0.2,0.8
61,610.05,0,0.00,175.01,175.01,175.0,0.8,0.2,0.8
62,620.05,0,0.00,178.34,178.34,178.4,0.8,0.2,0.8
63,630.05,0,0.00,181.67,181.67,181.6,0.9,0.1,0.9
64,640.05,0,0.00,185.01,185.01,185.0,0.9,0.1,0.9
65,650.05,0,0.00,188.34,188.34,188.4,0.9,0.1,0.9
66,660.05,0,0.00,191.67,191.67,191.6,0.9,0.1,0.9
67,670.05,0,0.00,195.01,195.01,195.0,0.9,0.1,0.9
68,680.05,0,0.00,198.34,198.34,198.4,0.9,0.1,0.9
69,690.05,0,0.00,201.67,201.67,201.6,0.9,0.1,0.9
70,700.05,0,0.00,205.01,205.01,205.0,0.9,0.1,0.9
71,710.05,0,0.00,208.34,208.34,208.4,0.9,0.1,0.9
72,720.06,0,0.00,211.67,211.67,211.6,0.9,0.1,0.9
73,730.05,0,0.00,215.01,215.01,215.0,0.9,0.1,0.9
74,740.05,0,0.00,218.34,218.34,218.4,0.9,0.1,0.9
75,750.05,0,0.00,221.67,221.67,221.6,0.9,0.1,0.9
76,760.06,0,0.00,225.01,225.01,225.0,0.9,0.1,0.9
77,770.05,0,0.00,228.34,228.34,228.4,0.9,0.1,0.9
78,780.05,0,0.00,231.67,231.67,231.6,1.0,0.0,1.0
79,790.05,0,0.00,235.01,235.01,235.0,1.0,0.0,1.0
80,800.05,0,0.00,238.34,238.34,238.4,1.0,0.0,1.0
81,810.05,0,0.00,241.67,241.67,241.6,1.0,0.0,1.0
82,820.05,0,0.00,245.01,245.01,245.0,1.0,0.0,1.0
83,830.05,0,0.00,248.34,248.34,248.4,1.0,0.0,1.0
84,840.06,0,0.00,251.68,251.68,251.6,1.0,0.0,1.0
85,850.06,0,0.00,255.01,255.01,255.0,1.0,0.0,1.0
86,860.05,0,0.00,258.34,258.34,258.2,1.0,0.0,1.0
87,870.05,0,0.00,261.68,261.68,261.8,1.0,0.0,1.0
88,880.05,0,0.00,265.01,265.01,265.0,1.0,0.0,1.0
89,890.05,0,0.00,268.34,268.34,268.2,1.0,0.0,1.0
90,900.05,0,0.00,271.68,271.68,271.8,1.0,0.0,1.0
91,910.05,0,0.00,275.01,275.01,275.0,1.0,0.0,1.0
92,920.05,0,0.00,278.34,278.34,278.2,1.0,0.0,1.0
93,930.05,0,0.00,281.67,281.67,281.8,1.0,0.0,1.0
94,940.05,0,0.00,285.01,285.01,285.0,1.0,0.0,1.0
95,950.05,0,0.00,288.34,288.34,288.2,1.0,0.0,1.0
96,960.05,0,0.00,291.67,291.67,291.8,1.0,0.0,1.0
97,970.05,0,0.00,295.01,295.01,295.0,1.0,0.0,1.0
98,980.05,0,0.00,298.34,298.34,298.2,1.0,0.0,1.0
99,990.05,0,0.00,301.68,301.68,301.8,1.0,0.0,1.0
100,1000.05,0,0.00,305.01,305.01,305.0,1.0,0.0,1.0
101,1010.05,0,0.00,308.34,308.34,308.2,1.0,0.0,1.0
102,1020.05,0,0.00,311.67,311.67,311.8,1.0,0.0,1.0
103,1030.05,0,0.00,315.01,315.01,315.0,1.0,0.0,1.0
104,1040.05,0,0.00,318.34,318.34,318.2,1.0,0.0,1.0
105,1050.05,0,0.00,321.67,321.67,321.8,1.0,0.0,1.0
106,1060.05,0,0.00,325.01,325.01,325.0,1.0,0.0,1.0
107,1070.05,0,0.00,328.34,328.34,328.2,1.0,0.0,1.0
108,1080.05,0,0.00,331.67,331.67,331.8,1.0,0.0,1.0
109,1090.05,0,0.00,335.01,335.01,335.0,1.0,0.0,1.0
110,1100.05,0,0.00,338.34,338.34,338.2,1.0,0.0,1.0
111,1110.05,0,0.00,341.67,341.67,341.8,1.0,0.0,1.0
112,1120.05,0,0.00,345.01,345.01,345.0,1.0,0.0,1.0
113,1130.05,0,0.00,348.34,348.34,348.2,1.0,0.0,1.0
114,1140.05,0,0.00,351.67,351.67,351.8,1.0,0.0,1.0
115,1150.05,0,0.00,355.01,355.01,355.0,1.0,0.0,1.0
116,1160.05,0,0.00,358.34,358.34,358.2,1.0,0.0,1.0
117,1170.05,0,0.00,361.67,361.67,361.8,1.0,0.0,1.0
118,1180.05,0,0.00,365.01,365.01,365.0,1.0,0.0,1.0
119,1190.05,0,0.00,368.34,368.34,368.2,1.0,0.0,1.0
120,1200.05,0,0.00,371.67,371.67,371.8,1.0,0.0,1.0
121,1210.05,0,0.00,375.01,375.01,375.0,1.0,0.0,1.0
122,1220.05,0,0.00,378.34,378.34,378.2,1.0,0.0,1.0
123,1230.05,0,0.00,381.68,381.68,381.8,1.0,0.0,1.0
124,1240.05,0,0.00,385.01,385.01,385.0,1.0,0.0,1.0
125,1250.05,0,0.00,388.34,388.34,388.2,1.0,0.0,1.0
126,1260.05,0,0.00,391.67,391.67,391.8,1.0,0.0,1.0
127,1270.05,0,0.00,395.01,395.01,395.0,1.0,0.0,1.0
128,1280.05,0,0.00,398.34,398.34,398.2,1.0,0.0,1.0
129,1290.05,0,0.00,401.68,401.68,401.8,1.0,0.0,1.0
130,1300.05,0,0.00,405.01,405.01,405.0,1.0,0.0,1.0
131,1310.05,0,0.00,408.34,408.34,408.2,1.0,0.0,1.0
132,1320.05,0,0.00,411.67,411.67,411.8,1.0,0.0,1.0
133,1330.05,0,0.00,415.01,415.01,415.0,1.0,0.0,1.0
134,1340.05,0,0.00,418.34,418.34,418.2,1.0,0.0,1.0
135,1350.05,0,0.00,421.67,421.67,421.8,1.0,0.0,1.0
136,1360.05,0,0.00,425.01,425.01,425.0,1.0,0.0,1.0
137,1370.05,0,0.00,428.34,428.34,428.2,1.0,0.0,1.0
138,1380.05,0,0.00,431.68,431.68,431.8,1.0,0.0,1.0
139,1390.05,0,0.00,435.01,435.01,435.0,1.0,0.0,1.0
140,1400.05,0,0.00,438.34,438.34,438.2,1.0,0.0,1.0
141,1410.05,0,0.00,441.67,441.67,441.8,1.0,0.0,1.0
142,1420.05,0,0.00,445.01,445.01,445.0,1.0,0.0,1.0
143,1430.05,0,0.00,448.34,448.34,448.2,1.0,0.0,1.0
144,1440.05,0,0.00,451.67,451.67,451.8,1.0,0.0,1.0
145,1450.05,0,0.00,455.01,455.01,455.0,1.0,0.0,1.0
146,1460.05,0,0.00,458.34,458.34,458.2,1.0,0.0,1.0
147,1470.05,0,0.00,461.67,461.67,461.8,1.0,0.0,1.0
148,1480.05,0,0.00,465.01,465.01,465.0,1.0,0.0,1.0
149,1490.05,0,0.00,468.34,468.34,468.2,1.0,0.0,1.0
150,1500.05,0,0.00,471.67,471.67,471.8,1.0,0.0,1.0
151,1510.05,0,0.00,475.01,475.01,475.0,1.0,0.0,1.0
152,1520.05,0,0.00,478.34,478.34,478.2,1.0,0.0,1.0
153,1530.05,0,0.00,481.67,481.67,481.8,1.0,0.0,1.0
154,1540.05,0,0.00,485.01,485.01,485.0,1.0,0.0,1.0
155,1550.05,0,0.00,488.34,488.34,488.2,1.0,0.0,1.0
156,1560.05,0,0.00,491.67,491.67,491.8,1.0,0.0,1.0
157,1570.05,0,0.00,495.01,495.01,495.0,1.0,0.0,1.0
158,1580.05,0,0.00,498.34,498.34,498.2,1.0,0.0,1.0
159,1590.05,0,0.00,501.67,501.67,501.8,1.0,0.0,1.0
160,1600.05,0,0.00,505.01,505.01,505.0,1.0,0.0,1.0
161,1610.05,0,0.00,508.34,508.34,508.2,1.0,0.0,1.0
162,1620.05,0,0.00,511.68,511.68,511.8,1.0,0.0,1.0
163,1630.05,0,0.00,515.01,515.01,515.0,1.0,0.0,1.0
164,1640.05,0,0.00,518.34,518.34,518.5,1.0,0.0,1.0
165,1650.05,0,0.00,521.67,521.67,521.5,1.0,0.0,1.0
166,1660.05,0,0.00,525.01,525.01,525.0,1.0,0.0,1.0
167,1670.05,0,0.00,528.34,528.34,528.5,1.0,0.0,1.0
168,1680.05,0,0.00,531.67,531.67,531.5,1.0,0.0,1.0
169,1690.05,0,0.00,535.01,535.01,535.0,1.0,0.0,1.0
170,1700.05,0,0.00,538.34,538.34,538.5,1.0,0.0,1.0
171,1710.05,0,0.00,541.67,541.67,541.5,1.0,0.0,1.0
172,1720.05,0,0.00,545.01,545.01,545.0,1.0,0.0,1.0
173,1730.05,0,0.00,548.34,548.34,548.5,1.0,0.0,1.0
174,1740.05,0,0.00,551.67,551.67,551.5,1.0,0.0,1.0
175,1750.05,0,0.00,555.01,555.01,555.0,1.0,0.0,1.0
176,1760.05,0,0.00,558.34,558.34,558.5,1.0,0.0,1.0
177,1770.05,0,0.00,561.67,561.67,561.5,1.0,0.0,1.0
178,1780.05,0,0.00,565.01,565.01,565.0,1.0,0.0,1.0
179,1790.05,0,0.00,568.34,568.34,568.5,1.0,0.0,1.0
180,1800.05,0,0.00,571.67,571.67,571.5,1.0,0.0,1.0
181,1810.05,0,0.00,575.01,575.01,575.0,1.0,0.0,1.0
182,1820.05,0,0.00,578.34,578.34,578.5,1.0,0.0,1.0
183,1830.05,0,0.00,581.67,581.67,581.5,1.0,0.0,1.0
184,1840.05,0,0.00,585.01,585.01,585.0,1.0,0.0,1.0
185,1850.05,0,0.00,588.34,588.34,588.5,1.0,0.0,1.0
186,1860.05,0,0.00,591.67,591.67,591.5,1.0,0.0,1.0
187,1870.05,0,0.00,595.01,595.01,595.0,1.0,0.0,1.0
188,1880.05,0,0.00,598.34,598.34,598.5,1.0,0.0,1.0
189,1890.05,0,0.00,601.67,601.67,601.5,1.0,0.0,1.0
190,1900.05,0,0.00,605.01,605.01,605.0,1.0,0.0,1.0
191,1910.05,0,0.00,608.34,608.34,608.5,1.0,0.0,1.0
192,1920.05,0,0.00,611.67,611.67,611.5,1.0,0.0,1.0
193,1930.05,0,0.00,615.01,615.01,615.0,1.0,0.0,1.0
194,1940.05,0,0.00,618.34,618.34,618.5,1.0,0.0,1.0
195,1950.05,0,0.00,621.67,621.67,621.5,1.0,0.0,1.0
196,1960.05,0,0.00,625.01,625.01,625.0,1.0,0.0,1.0
197,1970.05,0,0.00,628.34,628.34,628.5,1.0,0.0,1.0
198,1980.05,0,0.00,631.67,631.67,631.5,1.0,0.0,1.0
199,1990.05,0,0.00,635.01,635.01,635.0,1.0,0.0,1.0
200,2000.05,0,0.00,638.34,638.34,638.5,1.0,0.0,1.0
201,2010.05,0,0.00,641.67,641.67,641.5,1.0,0.0,1.0
202,2020.05,0,0.00,645.01,645.01,645.0,1.0,0.0,1.0
203,2030.05,0,0.00,648.34,648.34,648.5,1.0,0.0,1.0
204,2040.05,0,0.00,651.67,651.67,651.5,1.0,0.0,1.0
205,2050.05,0,0.00,655.01,655.01,655.0,1.0,0.0,1.0
206,2060.05,0,0.00,658.34,658.34,658.5,1.0,0.0,1.0
207,2070.05,0,0.00,661.67,661.67,661.5,1.0,0.0,1.0
208,2080.05,0,0.00,665.01,665.01,665.0,1.0,0.0,1.0
209,2090.05,0,0.00,668.34,668.34,668.5,1.0,0.0,1.0
210,2100.05,0,0.00,671.67,671.67,671.5,1.0,0.0,1.0
211,2110.05,0,0.00,675.01,675.01,675.0,1.0,0.0,1.0
212,2120.05,0,0.00,678.34,678.34,678.5,1.0,0.0,1.0
213,2130.05,0,0.00,681.67,681.67,681.5,1.0,0.0,1.0
214,2140.05,0,0.00,685.01,685.01,685.0,1.0,0.0,1.0
215,2150.05,0,0.00,688.34,688.34,688.5,1.0,0.0,1.0
216,2160.05,0,0.00,691.67,691.67,691.5,1.0,0.0,1.0
217,2170.05,0,0.00,695.01,695.01,695.0,1.0,0.0,1.0
218,2180.05,0,0.00,698.34,698.34,698.5,1.0,0.0,1.0
219,2190.05,0,0.00,701.67,701.67,701.5,1.0,0.0,1.0
220,2200.05,0,0.00,705.01,705.01,705.0,1.0,0.0,1.0
221,2210.05,0,0.00,708.34,708.34,708.5,1.0,0.0,1.0
222,2220.05,0,0.00,711.67,711.67,711.5,1.0,0.0,1.0
223,2230.05,0,0.00,715.01,715.01,715.0,1.0,0.0,1.0
224,2240.05,0,0.00,718.34,718.34,718.5,1.0,0.0,1.0
225,2250.05,0,0.00,721.67,721.67,721.5,1.0,0.0,1.0
226,2260.05,0,0.00,725.01,725.01,725.0,1.0,0.0,1.0
227,2270.05,0,0.00,728.34,728.34,728.5,1.0,0.0,1.0
228,2280.05,0,0.00,731.67,731.67,731.5,1.0,0.0,1.0
229,2290.05,0,0.00,735.01,735.01,735.0,1.0,0.0,1.0
230,2300.05,0,0.00,738.34,738.34,738.5,1.0,0.0,1.0
231,2310.05,0,0.00,741.67,741.67,741.5,1.0,0.0,1.0
232,2320.05,0,0.00,745.01,745.01,745.0,1.0,0.0,1.0
233,2330.05,0,0.00,748.34,748.34,748.5,1.0,0.0,1.0
234,2340.05,0,0.00,751.67,751.67,751.5,1.0,0.0,1.0
235,2350.05,0,0.00,755.01,755.01,755.0,1.0,0.0,1.0
236,2360.05,0,0.00,758.34,758.34,758.5,1.0,0.0,1.0
237,2370.05,0,0.00,761.67,761.67,761.5,1.0,0.0,1.0
238,2380.05,0,0.00,765.01,765.01,765.0,1.0,0.0,1.0
239,2390.05,0,0.00,768.34,768.34,768.5,1.0,0.0,1.0
240,2400.05,0,0.00,771.67,771.67,771.5,1.0,0.0,1.0
241,2410.05,0,0.00,775.01,775.01,775.0,1.0,0.0,1.0
242,2420.04,0,0.00,778.34,778.34,778.5,1.0,0.0,1.0
243,2430.04,0,0.00,781.67,781.67,781.5,1.0,0.0,1.0
244,2440.04,0,0.00,785.01,785.01,785.0,1.0,0.0,1.0
245,2450.04,0,0.00,788.34,788.34,788.5,1.0,0.0,1.0
246,2460.04,0,0.00,791.67,791.67,791.5,1.0,0.0,1.0
247,2470.04,0,0.00,795.01,795.01,795.0,1.0,0.0,1.0
248,2480.05,0,0.00,798.34,798.34,798.5,1.0,0.0,1.0
249,2490.05,0,0.00,801.67,801.67,801.5,1.0,0.0,1.0
250,2500.04,0,0.00,805.01,805.01,805.0,1.0,0.0,1.0
251,2510.05,0,0.00,808.34,808.34,808.5,1.0,0.0,1.0
252,2520.05,0,0.00,811.67,811.67,811.5,1.0,0.0,1.0
253,2530.04,0,0.00,815.01,815.01,815.0,1.0,0.0,1.0
254,2540.04,0,0.00,818.34,818.34,818.5,1.0,0.0,1.0
255,2550.04,0,0.00,821.67,821.67,821.5,1.0,0.0,1.0
256,2560.04,0,0.00,825.01,825.01,825.0,1.0,0.0,1.0
257,2570.04,0,0.00,828.34,828.34,828.5,1.0,0.0,1.0
258,2580.04,0,0.00,831.67,831.67,831.5,1.0,0.0,1.0
259,2590.04,0,0.00,835.01,835.01,835.0,1.0,0.0,1.0
260,2600.04,0,0.00,838.34,838.34,838.5,1.0,0.0,1.0
261,2610.04,0,0.00,841.67,841.67,841.5,1.0,0.0,1.0
262,2620.04,0,0.00,845.01,845.01,845.0,1.0,0.0,1.0
263,2630.04,0,0.00,848.34,848.34,848.5,1.0,0.0,1.0
264,2640.05,0,0.00,851.67,851.67,851.5,1.0,0.0,1.0
265,2650.04,0,0.00,855.01,855.01,855.0,1.0,0.0,1.0
266,2660.05,0,0.00,858.34,858.34,858.5,1.0,0.0,1.0
267,2670.04,0,0.00,861.67,861.67,861.5,1.0,0.0,1.0
268,2680.04,0,0.00,865.01,865.01,865.0,1.0,0.0,1.0
269,2690.04,0,0.00,868.34,868.34,868.5,1.0,0.0,1.0
270,2700.05,0,0.00,871.67,871.67,871.5,1.0,0.0,1.0
271,2710.04,0,0.00,875.01,875.01,875.0,1.0,0.0,1.0
272,2720.04,0,0.00,878.34,878.34,878.5,1.0,0.0,1.0
273,2730.04,0,0.00,881.67,881.67,881.5,1.0,0.0,1.0
274,2740.04,0,0.00,885.01,885.01,885.0,1.0,0.0,1.0
275,2750.04,0,0.00,888.34,888.34,888.5,1.0,0.0,1.0
276,2760.04,0,0.00,891.67,891.67,891.5,1.0,0.0,1.0
277,2770.04,0,0.00,895.01,895.01,895.0,1.0,0.0,1.0
278,2780.04,0,0.00,898.34,898.34,898.5,1.0,0.0,1.0
279,2790.04,0,0.00,901.67,901.67,901.5,1.0,0.0,1.0
280,2800.04,0,0.00,905.01,905.01,905.0,1.0,0.0,1.0
281,2810.04,0,0.00,908.34,908.34,908.5,1.0,0.0,1.0
282,2820.04,0,0.00,911.67,911.67,911.5,1.0,0.0,1.0
283,2830.05,0,0.00,915.01,915.01,915.0,1.0,0.0,1.0
284,2840.04,0,0.00,918.34,918.34,918.5,1.0,0.0,1.0
285,2850.04,0,0.00,921.67,921.67,921.5,1.0,0.0,1.0
286,2860.05,0,0.00,925.01,925.01,925.0,1.0,0.0,1.0
287,2870.05,0,0.00,928.34,928.34,928.5,1.0,0.0,1.0
288,2880.04,0,0.00,931.67,931.67,931.5,1.0,0.0,1.0
289,2890.05,0,0.00,935.01,935.01,935.0,1.0,0.0,1.0
290,2900.04,0,0.00,938.34,938.34,938.5,1.0,0.0,1.0
291,2910.04,0,0.00,941.67,941.67,941.5,1.0,0.0,1.0
292,2920.04,0,0.00,945.01,945.00,945.0,1.0,0.0,1.0
293,2930.04,0,0.00,948.34,948.34,948.5,1.0,0.0,1.0
294,2940.04,0,0.00,951.67,951.67,951.5,1.0,0.0,1.0
295,2950.04,0,0.00,955.01,955.01,955.0,1.0,0.0,1.0
296,2960.04,0,0.00,958.34,958.34,958.5,1.0,0.0,1.0
297,2970.04,0,0.00,961.67,961.67,961.5,1.0,0.0,1.0
298,2980.04,0,0.00,965.01,965.01,965.0,1.0,0.0,1.0
299,2990.04,0,0.00,968.34,968.34,968.5,1.0,0.0,1.0
300,3000.04,0,0.00,971.67,971.67,971.5,1.0,0.0,1.0
301,3010.04,0,0.00,975.01,975.00,975.0,1.0,0.0,1.0
302,3020.04,0,0.00,978.34,978.34,978.5,1.0,0.0,1.0
303,3030.04,0,0.00,981.67,981.67,981.5,1.0,0.0,1.0
304,3040.04,0,0.00,985.00,985.00,985.0,1.0,0.0,1.0
305,3050.04,0,0.00,988.34,988.34,988.5,1.0,0.0,1.0
306,3060.04,0,0.00,991.67,991.67,991.5,1.0,0.0,1.0
307,3070.04,0,0.00,994.62,994.62,994.5,1.0,0.0,1.0
308,3080.04,0,0.00,996.36,996.36,996.5,1.0,0.0,1.0
309,3090.04,0,0.00,996.33,996.33,996.5,1.0,0.0,1.0
310,3100.04,0,0.00,994.56,994.56,994.5,1.0,0.0,1.0
311,3110.04,0,0.00,991.66,991.66,991.5,1.0,0.0,1.0
312,3120.04,0,0.00,988.33,988.33,988.5,1.0,0.0,1.0
313,3130.04,0,0.00,985.00,985.00,985.0,1.0,0.0,1.0
314,3140.04,0,0.00,981.66,981.66,981.5,1.0,0.0,1.0
315,3150.04,0,0.00,978.33,978.33,978.5,1.0,0.0,1.0
316,3160.04,0,0.00,974.99,974.99,975.0,1.0,0.0,1.0
317,3170.04,0,0.00,971.66,971.66,971.5,1.0,0.0,1.0
318,3180.04,0,0.00,968.33,968.33,968.5,1.0,0.0,1.0
319,3190.04,0,0.00,965.00,965.00,965.0,1.0,0.0,1.0
320,3200.04,0,0.00,961.66,961.66,961.5,1.0,0.0,1.0
321,3210.04,0,0.00,958.33,958.33,958.5,1.0,0.0,1.0
322,3220.04,0,0.00,954.99,954.99,955.0,1.0,0.0,1.0
323,3230.04,0,0.00,951.66,951.66,951.5,1.0,0.0,1.0
324,3240.04,0,0.00,948.33,948.33,948.5,1.0,0.0,1.0
325,3250.04,0,0.00,945.00,945.00,945.0,1.0,0.0,1.0
326,3260.04,0,0.00,941.66,941.66,941.5,1.0,0.0,1.0
327,3270.04,0,0.00,938.33,938.33,938.5,1.0,0.0,1.0
328,3280.04,0,0.00,934.99,934.99,935.0,1.0,0.0,1.0
329,3290.04,0,0.00,931.66,931.66,931.5,1.0,0.0,1.0
330,3300.04,0,0.00,928.33,928.33,928.5,1.0,0.0,1.0
331,3310.04,0,0.00,924.99,924.99,925.0,1.0,0.0,1.0
332,3320.04,0,0.00,921.66,921.66,921.5,1.0,0.0,1.0
333,3330.04,0,0.00,918.33,918.33,918.5,1.0,0.0,1.0
334,3340.04,0,0.00,915.00,915.00,915.0,1.0,0.0,1.0
335,3350.04,0,0.00,911.66,911.66,911.5,1.0,0.0,1.0
336,3360.04,0,0.00,908.33,908.33,908.5,1.0,0.0,1.0
337,3370.04,0,0.00,904.99,904.99,905.0,1.0,0.0,1.0
338,3380.04,0,0.00,901.66,901.66,901.5,1.0,0.0,1.0
339,3390.04,0,0.00,898.33,898.33,898.5,1.0,0.0,1.0
340,3400.04,0,0.00,895.00,895.00,895.0,1.0,0.0,1.0
341,3410.04,0,0.00,891.66,891.66,891.5,1.0,0.0,1.0
342,3420.04,0,0.00,888.33,888.33,888.5,1.0,0.0,1.0
343,3430.04,0,0.00,885.00,885.00,885.0,1.0,0.0,1.0
344,3440.04,0,0.00,881.66,881.66,881.5,1.0,0.0,1.0
345,3450.04,0,0.00,878.33,878.33,878.5,1.0,0.0,1.0
346,3460.04,0,0.00,874.99,874.99,875.0,1.0,0.0,1.0
347,3470.04,0,0.00,871.66,871.66,871.5,1.0,0.0,1.0
348,3480.04,0,0.00,868.33,868.33,868.5,1.0,0.0,1.0
349,3490.04,0,0.00,865.00,865.00,865.0,1.0,0.0,1.0
350,3500.04,0,0.00,861.66,861.66,861.5,1.0,0.0,1.0
351,3510.04,0,0.00,858.33,858.33,858.5,1.0,0.0,1.0
352,3520.04,0,0.00,855.00,855.00,855.0,1.0,0.0,1.0
353,3530.04,0,0.00,851.66,851.66,851.5,1.0,0.0,1.0
354,3540.04,0,0.00,848.33,848.33,848.5,1.0,0.0,1.0
355,3550.04,0,0.00,845.00,845.00,845.0,1.0,0.0,1.0
356,3560.04,0,0.00,841.66,841.66,841.5,1.0,0.0,1.0
357,3570.04,0,0.00,838.33,838.33,838.5,1.0,0.0,1.0
358,3580.04,0,0.00,835.00,835.00,835.0,1.0,0.0,1.0
359,3590.04,0,0.00,831.66,831.66,831.5,1.0,0.0,1.0
360,3600.04,0,0.00,828.33,828.33,828.5,1.0,0.0,1.0
361,3610.04,0,0.00,825.00,825.00,825.0,1.0,0.0,1.0
362,3620.04,0,0.00,821.66,821.66,821.5,1.0,0.0,1.0
363,3630.04,0,0.00,818.33,818.33,818.5,1.0,0.0,1.0
364,3640.04,0,0.00,814.99,814.99,815.0,1.0,0.0,1.0
365,3650.04,0,0.00,811.66,811.66,811.5,1.0,0.0,1.0
366,3660.04,0,0.00,808.33,808.33,808.5,1.0,0.0,1.0
367,3670.04,0,0.00,805.00,805.00,805.0,1.0,0.0,1.0
368,3680.04,0,0.00,801.66,801.66,801.5,1.0,0.0,1.0
369,3690.04,0,0.00,798.33,798.33,798.5,1.0,0.0,1.0
370,3700.04,0,0.00,795.00,795.00,795.0,1.0,0.0,1.0
371,3710.04,0,0.00,791.66,791.66,791.5,1.0,0.0,1.0
372,3720.04,0,0.00,788.33,788.33,788.5,1.0,0.0,1.0
373,3730.04,0,0.00,785.00,785.00,785.0,1.0,0.0,1.0
374,3740.04,0,0.00,781.66,781.66,781.5,1.0,0.0,1.0
375,3750.04,0,0.00,778.33,778.33,778.5,1.0,0.0,1.0
376,3760.04,0,0.00,774.99,774.99,775.0,1.0,0.0,1.0
377,3770.04,0,0.00,771.66,771.66,771.5,1.0,0.0,1.0
378,3780.04,0,0.00,768.33,768.33,768.5,1.0,0.0,1.0
379,3790.04,0,0.00,765.00,765.00,765.0,1.0,0.0,1.0
380,3800.04,0,0.00,761.66,761.66,761.5,1.0,0.0,1.0
381,3810.04,0,0.00,758.33,758.33,758.5,1.0,0.0,1.0
382,3820.04,0,0.00,755.00,755.00,755.0,1.0,0.0,1.0
383,3830.04,0,0.00,751.66,751.66,751.5,1.0,0.0,1.0
384,3840.04,0,0.00,748.33,748.33,748.5,1.0,0.0,1.0
385,3850.04,0,0.00,745.00,745.00,745.0,1.0,0.0,1.0
386,3860.04,0,0.00,741.66,741.66,741.5,1.0,0.0,1.0
387,3870.04,0,0.00,738.33,738.33,738.5,1.0,0.0,1.0
388,3880.04,0,0.00,735.00,735.00,735.0,1.0,0.0,1.0
389,3890.04,0,0.00,731.66,731.66,731.5,1.0,0.0,1.0
390,3900.04,0,0.00,728.33,728.33,728.5,1.0,0.0,1.0
391,3910.04,0,0.00,725.00,725.00,725.0,1.0,0.0,1.0
392,3920.04,0,0.00,721.66,721.66,721.5,1.0,0.0,1.0
393,3930.04,0,0.00,718.33,718.33,718.5,1.0,0.0,1.0
394,3940.04,0,0.00,715.00,715.00,715.0,1.0,0.0,1.0
395,3950.04,0,0.00,711.66,711.66,711.5,1.0,0.0,1.0
396,3960.04,0,0.00,708.33,708.33,708.5,1.0,0.0,1.0
397,3970.04,0,0.00,705.00,705.00,705.0,1.0,0.0,1.0
398,3980.04,0,0.00,701.66,701.66,701.5,1.0,0.0,1.0
399,3990.04,0,0.00,698.33,698.33,698.5,1.0,0.0,1.0
400,4000.04,0,0.00,695.00,695.00,695.0,1.0,0.0,1.0
401,4010.04,0,0.00,691.66,691.66,691.5,1.0,0.0,1.0
402,4020.04,0,0.00,688.33,688.33,688.5,1.0,0.0,1.0
403,4030.04,0,0.00,685.00,685.00,685.0,1.0,0.0,1.0
404,4040.04,0,0.00,681.66,681.66,681.5,1.0,0.0,1.0
405,4050.04,0,0.00,678.33,678.33,678.5,1.0,0.0,1.0
406,4060.04,0,0.00,675.00,675.00,675.0,1.0,0.0,1.0
407,4070.04,0,0.00,671.66,671.66,671.5,1.0,0.0,1.0
408,4080.04,0,0.00,668.33,668.33,668.5,1.0,0.0,1.0
409,4090.04,0,0.00,665.00,665.00,665.0,1.0,0.0,1.0
410,4100.03,0,0.00,661.66,661.66,661.5,1.0,0.0,1.0
411,4110.04,0,0.00,658.33,658.33,658.5,1.0,0.0,1.0
412,4120.03,0,0.00,655.00,655.00,655.0,1.0,0.0,1.0
413,4130.05,0,0.00,651.66,651.66,651.5,1.0,0.0,1.0
414,4140.04,0,0.00,648.33,648.33,648.5,1.0,0.0,1.0
415,4150.03,0,0.00,645.00,645.00,645.0,1.0,0.0,1.0
416,4160.03,0,0.00,641.66,641.66,641.5,1.0,0.0,1.0
417,4170.03,0,0.00,638.33,638.33,638.5,1.0,0.0,1.0
418,4180.03,0,0.00,635.00,635.00,635.0,1.0,0.0,1.0
419,4190.03,0,0.00,631.66,631.66,631.5,1.0,0.0,1.0
420,4200.03,0,0.00,628.33,628.33,628.5,1.0,0.0,1.0
421,4210.03,0,0.00,625.00,625.00,625.0,1.0,0.0,1.0
422,4220.03,0,0.00,621.66,621.66,621.5,1.0,0.0,1.0
423,4230.03,0,0.00,618.33,618.33,618.5,1.0,0.0,1.0
424,4240.03,0,0.00,615.00,615.00,615.0,1.0,0.0,1.0
425,4250.03,0,0.00,611.66,611.66,611.5,1.0,0.0,1.0
426,4260.03,0,0.00,608.33,608.33,608.5,1.0,0.0,1.0
427,4270.03,0,0.00,605.00,605.00,605.0,1.0,0.0,1.0
428,4280.03,0,0.00,601.66,601.66,601.5,1.0,0.0,1.0
429,4290.03,0,0.00,598.33,598.33,598.5,1.0,0.0,1.0
430,4300.03,0,0.00,595.00,595.00,595.0,1.0,0.0,1.0
431,4310.03,0,0.00,591.66,591.66,591.5,1.0,0.0,1.0
432,4320.03,0,0.00,588.33,588.33,588.5,1.0,0.0,1.0
433,4330.04,0,0.00,585.00,585.00,585.0,1.0,0.0,1.0
434,4340.04,0,0.00,581.66,581.66,581.5,1.0,0.0,1.0
435,4350.03,0,0.00,578.33,578.33,578.5,1.0,0.0,1.0
436,4360.04,0,0.00,575.00,575.00,575.0,1.0,0.0,1.0
437,4370.03,0,0.00,571.66,571.66,571.5,1.0,0.0,1.0
438,4380.03,0,0.00,568.33,568.33,568.5,1.0,0.0,1.0
439,4390.04,0,0.00,565.00,565.00,565.0,1.0,0.0,1.0
440,4400.04,0,0.00,561.66,561.66,561.5,1.0,0.0,1.0
441,4410.03,0,0.00,558.33,558.33,558.5,1.0,0.0,1.0
442,4420.03,0,0.00,555.00,555.00,555.0,1.0,0.0,1.0
443,4430.03,0,0.00,551.66,551.66,551.5,1.0,0.0,1.0
444,4440.03,0,0.00,548.33,548.33,548.5,1.0,0.0,1.0
445,4450.03,0,0.00,545.00,545.00,545.0,1.0,0.0,1.0
446,4460.04,0,0.00,541.66,541.66,541.5,1.0,0.0,1.0
447,4470.04,0,0.00,538.33,538.33,538.5,1.0,0.0,1.0
448,4480.04,0,0.00,535.00,535.00,535.0,1.0,0.0,1.0
449,4490.03,0,0.00,531.66,531.66,531.5,1.0,0.0,1.0
450,4500.03,0,0.00,528.33,528.33,528.5,1.0,0.0,1.0
451,4510.03,0,0.00,525.00,525.00,525.0,1.0,0.0,1.0
452,4520.04,0,0.00,521.66,521.66,521.5,1.0,0.0,1.0
453,4530.03,0,0.00,518.33,518.33,518.5,1.0,0.0,1.0
454,4540.03,0,0.00,515.00,515.00,515.0,1.0,0.0,1.0
455,4550.03,0,0.00,511.66,511.66,511.8,1.0,0.0,1.0
456,4560.04,0,0.00,508.33,508.33,508.2,1.0,0.0,1.0
457,4570.04,0,0.00,505.00,505.00,505.0,1.0,0.0,1.0
458,4580.03,0,0.00,501.66,501.66,501.8,1.0,0.0,1.0
459,4590.03,0,0.00,498.33,498.33,498.2,1.0,0.0,1.0
460,4600.03,0,0.00,495.00,495.00,495.0,1.0,0.0,1.0
461,4610.04,0,0.00,491.66,491.66,491.8,1.0,0.0,1.0
462,4620.04,0,0.00,488.33,488.33,488.2,1.0,0.0,1.0
463,4630.03,0,0.00,485.00,485.00,485.0,1.0,0.0,1.0
464,4640.04,0,0.00,481.66,481.66,481.8,1.0,0.0,1.0
465,4650.03,0,0.00,478.33,478.33,478.2,1.0,0.0,1.0
466,4660.04,0,0.00,475.00,475.00,475.0,1.0,0.0,1.0
467,4670.03,0,0.00,471.66,471.66,471.8,1.0,0.0,1.0
468,4680.03,0,0.00,468.33,468.33,468.2,1.0,0.0,1.0
469,4690.03,0,0.00,465.00,465.00,465.0,1.0,0.0,1.0
470,4700.03,0,0.00,461.66,461.66,461.8,1.0,0.0,1.0
471,4710.03,0,0.00,458.33,458.33,458.2,1.0,0.0,1.0
472,4720.04,0,0.00,455.00,455.00,455.0,1.0,0.0,1.0
473,4730.04,0,0.00,451.66,451.66,451.8,1.0,0.0,1.0
474,4740.04,0,0.00,448.33,448.33,448.2,1.0,0.0,1.0
475,4750.03,0,0.00,445.00,445.00,445.0,1.0,0.0,1.0
476,4760.03,0,0.00,441.66,441.66,441.8,1.0,0.0,1.0
477,4770.04,0,0.00,438.33,438.33,438.2,1.0,0.0,1.0
478,4780.03,0,0.00,435.00,435.00,435.0,1.0,0.0,1.0
479,4790.03,0,0.00,431.66,431.66,431.8,1.0,0.0,1.0
480,4800.03,0,0.00,428.33,428.33,428.2,1.0,0.0,1.0
481,4810.03,0,0.00,425.00,425.00,425.0,1.0,0.0,1.0
482,4820.03,0,0.00,421.66,421.66,421.8,1.0,0.0,1.0
483,4830.04,0,0.00,418.33,418.33,418.2,1.0,0.0,1.0
484,4840.03,0,0.00,415.00,415.00,415.0,1.0,0.0,1.0
485,4850.04,0,0.00,411.66,411.66,411.8,1.0,0.0,1.0
486,4860.03,0,0.00,408.33,408.33,408.2,1.0,0.0,1.0
487,4870.04,0,0.00,405.00,405.00,405.0,1.0,0.0,1.0
488,4880.03,0,0.00,401.66,401.66,401.8,1.0,0.0,1.0
489,4890.03,0,0.00,398.33,398.33,398.2,1.0,0.0,1.0
490,4900.03,0,0.00,395.00,395.00,395.0,1.0,0.0,1.0
491,4910.03,0,0.00,391.66,391.66,391.8,1.0,0.0,1.0
492,4920.03,0,0.00,388.33,388.33,388.2,1.0,0.0,1.0
493,4930.03,0,0.00,385.00,385.00,385.0,1.0,0.0,1.0
494,4940.04,0,0.00,381.66,381.66,381.8,1.0,0.0,1.0
495,4950.03,0,0.00,378.33,378.33,378.2,1.0,0.0,1.0
496,4960.04,0,0.00,375.00,375.00,375.0,1.0,0.0,1.0
497,4970.04,0,0.00,371.66,371.66,371.8,1.0,0.0,1.0
498,4980.03,0,0.00,368.33,368.33,368.2,1.0,0.0,1.0
499,4990.03,0,0.00,365.00,365.00,365.0,1.0,0.0,1.0
