Sample,Timestamp,Raw Encoder Reading,Measured Motor Steps,Target Motor Steps,Current Error,PID Control Signal,PID P Term,PID I Term,PID D Term,Coil A Current,Coil B Current
0,0.05,1,1.00,0.00,-0.00,-0.0,0.5,0.5,0.5,0,0
1,1.08,1,1.00,0.00,-0.00,-0.0,0.5,0.5,0.5,0,0
2,2.04,1,1.00,0.00,-0.00,-0.0,0.5,0.5,0.5,0,0
3,3.08,1,1.00,0.00,-0.00,-0.0,0.5,0.5,0.5,0,0
4,4.05,1,1.00,0.00,-0.00,-0.0,0.5,0.5,0.5,0,0
5,5.01,1,1.00,0.00,-0.00,-0.0,0.5,0.5,0.5,0,0
6,6.05,1,1.00,0.00,-0.00,-0.0,0.5,0.5,0.5,0,0
7,7.01,1,1.00,0.00,-0.00,-0.0,0.5,0.5,0.5,0,0
8,8.04,1,1.00,0.00,-0.00,-0.0,0.5,0.5,0.5,0,0
9,9.01,1,1.00,0.00,-0.00,-0.0,0.5,0.5,0.5,0,0
10,10.04,1,1.00,0.00,-0.00,-0.0,0.5,0.5,0.5,0,0
11,11.08,1,1.00,0.00,-0.00,-0.0,0.5,0.5,0.5,0,0
12,12.04,1,1.00,0.00,-0.00,-0.0,0.5,0.5,0.5,0,0
13,13.08,1,1.00,0.00,-0.00,-0.0,0.5,0.5,0.5,0,0
14,14.04,1,1.00,0.00,-0.00,-0.0,0.5,0.5,0.5,0,0
15,15.08,1,1.00,0.00,-0.00,-0.0,0.5,0.5,0.5,0,0
16,16.04,1,1.00,0.00,-0.00,-0.0,0.5,0.5,0.5,0,0
17,17.08,1,1.00,0.00,-0.00,-0.0,0.5,0.5,0.5,0,0
18,18.05,1,1.00,0.00,-0.00,-0.0,0.5,0.5,0.5,0,0
19,19.00,1,1.00,0.00,-0.00,-0.0,0.5,0.5,0.5,0,0
20,20.04,1,1.00,0.00,-0.00,-0.0,0.5,0.5,0.5,0,0
21,21.08,1,1.00,0.00,-0.00,-0.0,0.5,0.5,0.5,0,0
22,22.05,1,1.00,0.00,-0.00,-0.0,0.5,0.5,0.5,0,0
23,23.01,1,1.00,0.00,-0.00,-0.0,0.5,0.5,0.5,0,0
24,24.04,1,1.00,0.00,-0.00,-0.0,0.5,0.5,0.5,0,0
25,25.09,1,1.00,0.00,-0.00,-0.0,0.5,0.5,0.5,0,0
26,26.04,1,1.00,0.00,-0.00,-0.0,0.5,0.5,0.5,0,0
27,27.08,1,1.00,0.00,-0.00,-0.0,0.5,0.5,0.5,0,0
28,28.04,1,1.00,0.00,-0.00,-0.0,0.5,0.5,0.5,0,0
29,29.08,1,1.00,0.00,-0.00,-0.0,0.5,0.5,0.5,0,0
30,30.04,1,1.00,0.00,-0.00,-0.0,0.5,0.5,0.5,0,0
31,31.08,1,1.00,0.00,-0.00,-0.0,0.5,0.5,0.5,0,0
32,32.05,1,1.00,0.00,-0.00,-0.0,0.5,0.5,0.5,0,0
33,33.09,1,1.00,0.00,-0.00,-0.0,0.5,0.5,0.5,0,0
34,34.04,1,1.00,0.00,-0.00,-0.0,0.5,0.5,0.5,0,0
35,35.09,1,1.00,0.00,-0.00,-0.0,0.5,0.5,0.5,0,0
36,36.04,1,1.00,0.00,-0.00,-0.0,0.5,0.5,0.5,0,0
37,37.09,1,1.00,0.00,-0.00,-0.0,0.5,0.5,0.5,0,0
38,38.04,1,1.00,0.00,-0.00,-0.0,0.5,0.5,0.5,0,0
39,39.09,1,1.00,0.00,-0.00,-0.0,0.5,0.5,0.5,0,0
40,40.04,1,1.00,0.00,-0.00,-0.0,0.5,0.5,0.5,0,0
41,41.08,1,1.00,0.00,-0.00,-0.0,0.5,0.5,0.5,0,0
42,42.04,1,1.00,0.00,-0.00,-0.0,0.5,0.5,0.5,0,0
43,43.09,1,1.00,0.00,-0.00,-0.0,0.5,0.5,0.5,0,0
44,44.05,1,1.00,0.00,-0.00,-0.0,0.5,0.5,0.5,0,0
45,45.01,1,1.00,0.00,-0.00,-0.0,0.5,0.5,0.5,0,0
46,46.04,1,1.00,0.00,-0.00,-0.0,0.5,0.5,0.5,0,0
47,47.09,1,1.00,0.00,-0.00,-0.0,0.5,0.5,0.5,0,0
48,48.05,1,1.00,0.00,-0.00,-0.0,0.5,0.5,0.5,0,0
49,49.01,1,1.00,0.00,-0.00,-0.0,0.5,0.5,0.5,0,0
50,50.04,1,1.00,0.00,-0.00,-0.0,0.5,0.5,0.5,0,0
51,51.08,1,1.00,0.00,-0.00,-0.0,0.5,0.6,0.4,0,0
52,52.04,-1,-1.00,0.00,-0.00,-0.0,0.5,0.6,0.4,0,0
53,53.08,-8,-8.00,0.00,-0.00,-0.0,0.5,0.6,0.4,0,0
54,54.04,-19,-19.00,0.00,-0.00,-0.0,0.5,0.6,0.4,0,0
55,55.08,-33,-33.00,0.00,-0.00,-0.0,0.5,0.6,0.4,0,0
56,56.04,-55,-55.00,0.00,-0.00,-0.0,0.5,0.6,0.4,0,0
57,57.08,-83,-83.00,0.00,-0.00,-0.0,0.5,0.6,0.4,0,0
58,58.04,-112,-112.00,0.00,-0.00,-0.0,0.5,0.6,0.4,0,0
59,59.08,-154,-154.00,0.00,-0.00,-0.0,0.5,0.6,0.4,0,0
60,60.04,-191,-191.00,0.00,-0.00,-0.0,0.5,0.6,0.4,0,0
61,61.08,-237,-237.00,0.00,-0.00,-0.0,0.5,0.6,0.4,0,0
62,62.04,-283,-283.00,0.00,-0.00,-0.0,0.5,0.6,0.4,0,0
63,63.08,-335,-335.00,0.00,-0.00,-0.0,0.5,0.6,0.4,0,0
64,64.04,-383,-383.00,0.00,-0.00,-0.0,0.5,0.6,0.4,0,0
65,65.08,-431,-431.00,0.00,-0.00,-0.0,0.5,0.6,0.4,0,0
66,66.04,-476,-476.00,0.00,-0.00,-0.0,0.5,0.6,0.4,0,0
67,67.08,-509,-509.00,0.00,-0.00,-0.0,0.5,0.6,0.4,0,0
68,68.04,-540,-540.00,0.00,-0.00,-0.0,0.5,0.6,0.4,0,0
69,69.08,-560,-560.00,0.00,-0.00,-0.0,0.5,0.6,0.4,0,0
70,70.04,-571,-571.00,0.00,-0.00,-0.0,0.5,0.6,0.4,0,0
71,71.08,-578,-578.00,0.00,-0.00,-0.0,0.5,0.6,0.4,0,0
72,72.04,-577,-577.00,0.00,-0.00,-0.0,0.5,0.6,0.4,0,0
73,73.08,-572,-572.00,0.00,-0.00,-0.0,0.5,0.6,0.4,0,0
74,74.04,-561,-561.00,0.00,-0.00,-0.0,0.5,0.6,0.4,0,0
75,75.08,-547,-547.00,0.00,-0.00,-0.0,0.5,0.6,0.4,0,0
76,76.04,-535,-535.00,0.00,-0.00,-0.0,0.5,0.6,0.4,0,0
77,77.08,-517,-517.00,0.00,-0.00,-0.0,0.5,0.6,0.4,0,0
78,78.04,-502,-502.00,0.00,-0.00,-0.0,0.5,0.6,0.4,0,0
79,79.08,-488,-488.00,0.00,-0.00,-0.0,0.5,0.6,0.4,0,0
80,80.04,-478,-478.00,0.00,-0.00,-0.0,0.5,0.6,0.4,0,0
81,81.08,-466,-466.00,0.00,-0.00,-0.0,0.5,0.6,0.4,0,0
82,82.04,-462,-462.00,0.00,-0.00,-0.0,0.5,0.6,0.4,0,0
83,83.08,-456,-456.00,0.00,-0.00,-0.0,0.5,0.6,0.4,0,0
84,84.04,-455,-455.00,0.00,-0.00,-0.0,0.5,0.6,0.4,0,0
85,85.08,-455,-455.00,0.00,-0.00,-0.0,0.5,0.6,0.4,0,0
86,86.04,-456,-456.00,0.00,-0.00,-0.0,0.5,0.6,0.4,0,0
87,87.08,-457,-457.00,0.00,-0.00,-0.0,0.5,0.6,0.4,0,0
88,88.04,-459,-459.00,0.00,-0.00,-0.0,0.5,0.6,0.4,0,0
89,89.08,-464,-464.00,0.00,-0.00,-0.0,0.5,0.6,0.4,0,0
90,90.04,-468,-468.00,0.00,-0.00,-0.0,0.5,0.6,0.4,0,0
91,91.08,-473,-473.00,0.00,-0.00,-0.0,0.5,0.6,0.4,0,0
92,92.04,-478,-478.00,0.00,-0.00,-0.0,0.5,0.6,0.4,0,0
93,93.08,-484,-484.00,0.00,-0.00,-0.0,0.5,0.6,0.4,0,0
94,94.04,-488,-488.00,0.00,-0.00,-0.0,0.5,0.6,0.4,0,0
95,95.08,-491,-491.00,0.00,-0.00,-0.0,0.5,0.6,0.4,0,0
96,96.04,-494,-494.00,0.00,-0.00,-0.0,0.5,0.6,0.4,0,0
97,97.08,-496,-496.00,0.00,-0.00,-0.0,0.5,0.6,0.4,0,0
98,98.04,-497,-497.00,0.00,-0.00,-0.0,0.5,0.6,0.4,0,0
99,99.08,-497,-497.00,0.00,-0.00,-0.0,0.5,0.6,0.4,0,0
100,100.04,-497,-497.00,0.00,-0.00,-0.0,0.5,0.6,0.4,0,0
101,101.08,-496,-496.00,0.00,-0.00,-0.0,0.5,0.6,0.4,0,0
102,102.04,-495,-495.00,0.00,-0.00,-0.0,0.5,0.6,0.4,0,0
103,103.08,-493,-493.00,0.00,-0.00,-0.0,0.5,0.6,0.4,0,0
104,104.04,-492,-492.00,0.00,-0.00,-0.0,0.5,0.6,0.4,0,0
105,105.08,-490,-490.00,0.00,-0.00,-0.0,0.5,0.6,0.4,0,0
106,106.04,-489,-489.00,0.00,-0.00,-0.0,0.5,0.6,0.4,0,0
107,107.08,-488,-488.00,0.00,-0.00,-0.0,0.5,0.6,0.4,0,0
108,108.04,-487,-487.00,0.00,-0.00,-0.0,0.5,0.6,0.4,0,0
109,109.08,-486,-486.00,0.00,-0.00,-0.0,0.5,0.6,0.4,0,0
110,110.04,-485,-485.00,0.00,-0.00,-0.0,0.5,0.6,0.4,0,0
111,111.08,-485,-485.00,0.00,-0.00,-0.0,0.5,0.6,0.4,0,0
112,112.04,-485,-485.00,0.00,-0.00,-0.0,0.5,0.6,0.4,0,0
113,113.08,-486,-486.00,0.00,-0.00,-0.0,0.5,0.6,0.4,0,0
114,114.04,-486,-486.00,0.00,-0.00,-0.0,0.5,0.6,0.4,0,0
115,115.08,-487,-487.00,0.00,-0.00,-0.0,0.5,0.6,0.4,0,0
116,116.04,-487,-487.00,0.00,-0.00,-0.0,0.5,0.6,0.4,0,0
117,117.08,-488,-488.00,0.00,-0.00,-0.0,0.5,0.6,0.4,0,0
118,118.04,-488,-488.00,0.00,-0.00,-0.0,0.5,0.6,0.4,0,0
119,119.08,-489,-489.00,0.00,-0.00,-0.0,0.5,0.6,0.4,0,0
120,120.04,-489,-489.00,0.00,-0.00,-0.0,0.5,0.6,0.4,0,0
121,121.08,-489,-489.00,0.00,-0.00,-0.0,0.5,0.6,0.4,0,0
122,122.04,-490,-490.00,0.00,-0.00,-0.0,0.5,0.6,0.4,0,0
123,123.08,-490,-490.00,0.00,-0.00,-0.0,0.5,0.6,0.4,0,0
124,124.04,-491,-491.00,0.00,-0.00,-0.0,0.5,0.6,0.4,0,0
125,125.08,-491,-491.00,0.00,-0.00,-0.0,0.5,0.6,0.4,0,0
126,126.04,-491,-491.00,0.00,-0.00,-0.0,0.5,0.6,0.4,0,0
127,127.08,-491,-491.00,0.00,-0.00,-0.0,0.5,0.6,0.4,0,0
128,128.04,-491,-491.00,0.00,-0.00,-0.0,0.5,0.6,0.4,0,0
129,129.08,-490,-490.00,0.00,-0.00,-0.0,0.5,0.6,0.4,0,0
130,130.04,-490,-490.00,0.00,-0.00,-0.0,0.5,0.6,0.4,0,0
131,131.08,-490,-490.00,0.00,-0.00,-0.0,0.5,0.6,0.4,0,0
132,132.04,-490,-490.00,0.00,-0.00,-0.0,0.5,0.6,0.4,0,0
133,133.08,-490,-490.00,0.00,-0.00,-0.0,0.5,0.6,0.4,0,0
134,134.04,-490,-490.00,0.00,-0.00,-0.0,0.5,0.6,0.4,0,0
135,135.08,-490,-490.00,0.00,-0.00,-0.0,0.5,0.6,0.4,0,0
136,136.04,-490,-490.00,0.00,-0.00,-0.0,0.5,0.6,0.4,0,0
137,137.08,-490,-490.00,0.00,-0.00,-0.0,0.5,0.6,0.4,0,0
138,138.04,-490,-490.00,0.00,-0.00,-0.0,0.5,0.6,0.4,0,0
139,139.08,-490,-490.00,0.00,-0.00,-0.0,0.5,0.6,0.4,0,0
140,140.04,-490,-490.00,0.00,-0.00,-0.0,0.5,0.6,0.4,0,0
141,141.08,-490,-490.00,0.00,-0.00,-0.0,0.5,0.6,0.4,0,0
142,142.04,-490,-490.00,0.00,-0.00,-0.0,0.5,0.6,0.4,0,0
143,143.08,-490,-490.00,0.00,-0.00,-0.0,0.5,0.6,0.4,0,0
144,144.04,-490,-490.00,0.00,-0.00,-0.0,0.5,0.6,0.4,0,0
145,145.08,-490,-490.00,0.00,-0.00,-0.0,0.5,0.6,0.4,0,0
146,146.04,-490,-490.00,0.00,-0.00,-0.0,0.5,0.6,0.4,0,0
147,147.08,-490,-490.00,0.00,-0.00,-0.0,0.5,0.6,0.4,0,0
148,148.04,-490,-490.00,0.00,-0.00,-0.0,0.5,0.6,0.4,0,0
149,149.08,-490,-490.00,0.00,-0.00,-0.0,0.5,0.6,0.4,0,0
150,150.04,-490,-490.00,0.00,-0.00,-0.0,0.5,0.6,0.4,0,0
151,151.08,-490,-490.00,0.00,-0.00,-0.0,0.5,0.6,0.4,0,0
152,152.04,-490,-490.00,0.00,-0.00,-0.0,0.5,0.6,0.4,0,0
153,153.08,-490,-490.00,0.00,-0.00,-0.0,0.5,0.6,0.4,0,0
154,154.04,-490,-490.00,0.00,-0.00,-0.0,0.5,0.6,0.4,0,0
155,155.08,-490,-490.00,0.00,-0.00,-0.0,0.5,0.6,0.4,0,0
156,156.04,-490,-490.00,0.00,-0.00,-0.0,0.5,0.6,0.4,0,0
157,157.08,-490,-490.00,0.00,-0.00,-0.0,0.5,0.6,0.4,0,0
158,158.04,-490,-490.00,0.00,-0.00,-0.0,0.5,0.6,0.4,0,0
159,159.08,-490,-490.00,0.00,-0.00,-0.0,0.5,0.6,0.4,0,0
160,160.04,-490,-490.00,0.00,-0.00,-0.0,0.5,0.6,0.4,0,0
161,161.08,-490,-490.00,0.00,-0.00,-0.0,0.5,0.6,0.4,0,0
162,162.04,-490,-490.00,0.00,-0.00,-0.0,0.5,0.6,0.4,0,0
163,163.08,-490,-490.00,0.00,-0.00,-0.0,0.5,0.6,0.4,0,0
164,164.04,-490,-490.00,0.00,-0.00,-0.0,0.5,0.6,0.4,0,0
165,165.08,-490,-490.00,0.00,-0.00,-0.0,0.5,0.6,0.4,0,0
166,166.04,-490,-490.00,0.00,-0.00,-0.0,0.5,0.6,0.4,0,0
167,167.08,-490,-490.00,0.00,-0.00,-0.0,0.5,0.6,0.4,0,0
168,168.04,-490,-490.00,0.00,-0.00,-0.0,0.5,0.6,0.4,0,0
169,169.08,-490,-490.00,0.00,-0.00,-0.0,0.5,0.6,0.4,0,0
170,170.04,-490,-490.00,0.00,-0.00,-0.0,0.5,0.6,0.4,0,0
171,171.08,-490,-490.00,0.00,-0.00,-0.0,0.5,0.6,0.4,0,0
172,172.04,-490,-490.00,0.00,-0.00,-0.0,0.5,0.6,0.4,0,0
173,173.08,-490,-490.00,0.00,-0.00,-0.0,0.5,0.6,0.4,0,0
174,174.04,-490,-490.00,0.00,-0.00,-0.0,0.5,0.6,0.4,0,0
175,175.08,-490,-490.00,0.00,-0.00,-0.0,0.5,0.6,0.4,0,0
176,176.04,-490,-490.00,0.00,-0.00,-0.0,0.5,0.6,0.4,0,0
177,177.08,-490,-490.00,0.00,-0.00,-0.0,0.5,0.6,0.4,0,0
178,178.04,-490,-490.00,0.00,-0.00,-0.0,0.5,0.6,0.4,0,0
179,179.08,-490,-490.00,0.00,-0.00,-0.0,0.5,0.6,0.4,0,0
180,180.04,-490,-490.00,0.00,-0.00,-0.0,0.5,0.6,0.4,0,0
181,181.08,-490,-490.00,0.00,-0.00,-0.0,0.5,0.6,0.4,0,0
182,182.04,-490,-490.00,0.00,-0.00,-0.0,0.5,0.6,0.4,0,0
183,183.08,-490,-490.00,0.00,-0.00,-0.0,0.5,0.6,0.4,0,0
184,184.04,-490,-490.00,0.00,-0.00,-0.0,0.5,0.6,0.4,0,0
185,185.08,-490,-490.00,0.00,-0.00,-0.0,0.5,0.6,0.4,0,0
186,186.04,-490,-490.00,0.00,-0.00,-0.0,0.5,0.6,0.4,0,0
187,187.08,-490,-490.00,0.00,-0.00,-0.0,0.5,0.6,0.4,0,0
188,188.04,-490,-490.00,0.00,-0.00,-0.0,0.5,0.6,0.4,0,0
189,189.08,-490,-490.00,0.00,-0.00,-0.0,0.5,0.6,0.4,0,0
190,190.04,-490,-490.00,0.00,-0.00,-0.0,0.5,0.6,0.4,0,0
191,191.08,-490,-490.00,0.00,-0.00,-0.0,0.5,0.6,0.4,0,0
192,192.04,-490,-490.00,0.00,-0.00,-0.0,0.5,0.6,0.4,0,0
193,193.08,-490,-490.00,0.00,-0.00,-0.0,0.5,0.6,0.4,0,0
194,194.04,-490,-490.00,0.00,-0.00,-0.0,0.5,0.6,0.4,0,0
195,195.08,-490,-490.00,0.00,-0.00,-0.0,0.5,0.6,0.4,0,0
196,196.04,-490,-490.00,0.00,-0.00,-0.0,0.5,0.6,0.4,0,0
197,197.08,-490,-490.00,0.00,-0.00,-0.0,0.5,0.6,0.4,0,0
198,198.04,-490,-490.00,0.00,-0.00,-0.0,0.5,0.6,0.4,0,0
199,199.08,-490,-490.00,0.00,-0.00,-0.0,0.5,0.6,0.4,0,0
200,200.04,-490,-490.00,0.00,-0.00,-0.0,0.5,0.6,0.4,0,0
201,201.08,-490,-490.00,0.00,-0.00,-0.0,0.5,0.6,0.4,0,0
202,202.04,0,0.00,0.00,-0.00,-0.0,0.5,0.6,0.4,0,0
203,203.08,0,0.00,0.00,-0.00,-0.0,0.5,0.6,0.4,0,0
204,204.04,0,0.00,0.00,-0.00,-0.0,0.5,0.6,0.4,0,0
205,205.08,0,0.00,0.00,-0.00,-0.0,0.5,0.6,0.4,0,0
206,206.04,0,0.00,0.00,-0.00,-0.0,0.5,0.6,0.4,0,0
207,207.08,0,0.00,0.00,-0.00,-0.0,0.5,0.6,0.4,0,0
208,208.04,0,0.00,0.00,-0.00,-0.0,0.5,0.6,0.4,0,0
209,209.08,0,0.00,0.00,-0.00,-0.0,0.5,0.6,0.4,0,0
210,210.04,0,0.00,0.00,-0.00,-0.0,0.5,0.6,0.4,0,0
211,211.08,0,0.00,0.00,-0.00,-0.0,0.5,0.6,0.4,0,0
212,212.04,0,0.00,0.00,-0.00,-0.0,0.5,0.6,0.4,0,0
213,213.08,0,0.00,0.00,-0.00,-0.0,0.5,0.6,0.4,0,0
214,214.04,0,0.00,0.00,-0.00,-0.0,0.5,0.6,0.4,0,0
215,215.08,0,0.00,0.00,-0.00,-0.0,0.5,0.6,0.4,0,0
216,216.04,0,0.00,0.00,-0.00,-0.0,0.5,0.6,0.4,0,0
217,217.08,0,0.00,0.00,-0.00,-0.0,0.5,0.6,0.4,0,0
218,218.04,0,0.00,0.00,-0.00,-0.0,0.5,0.6,0.4,0,0
219,219.08,0,0.00,0.00,-0.00,-0.0,0.5,0.6,0.4,0,0
220,220.04,0,0.00,0.00,-0.00,-0.0,0.5,0.6,0.4,0,0
221,221.08,0,0.00,0.00,-0.00,-0.0,0.5,0.6,0.4,0,0
222,222.04,0,0.00,0.00,-0.00,-0.0,0.5,0.6,0.4,0,0
223,223.08,0,0.00,0.00,-0.00,-0.0,0.5,0.6,0.4,0,0
224,224.04,0,0.00,0.00,-0.00,-0.0,0.5,0.6,0.4,0,0
225,225.08,0,0.00,0.00,-0.00,-0.0,0.5,0.6,0.4,0,0
226,226.04,0,0.00,0.00,-0.00,-0.0,0.5,0.6,0.4,0,0
227,227.08,0,0.00,0.00,-0.00,-0.0,0.5,0.6,0.4,0,0
228,228.04,0,0.00,0.00,-0.00,-0.0,0.5,0.6,0.4,0,0
229,229.08,0,0.00,0.00,-0.00,-0.0,0.5,0.6,0.4,0,0
230,230.04,0,0.00,0.00,-0.00,-0.0,0.5,0.6,0.4,0,0
231,231.08,0,0.00,0.00,-0.00,-0.0,0.5,0.6,0.4,0,0
232,232.04,0,0.00,0.00,-0.00,-0.0,0.5,0.6,0.4,0,0
233,233.08,0,0.00,0.00,-0.00,-0.0,0.5,0.6,0.4,0,0
234,234.04,0,0.00,0.00,-0.00,-0.0,0.5,0.6,0.4,0,0
235,235.08,0,0.00,0.00,-0.00,-0.0,0.5,0.6,0.4,0,0
236,236.04,0,0.00,0.00,-0.00,-0.0,0.5,0.6,0.4,0,0
237,237.08,0,0.00,0.00,-0.00,-0.0,0.5,0.6,0.4,0,0
238,238.04,0,0.00,0.00,-0.00,-0.0,0.5,0.6,0.4,0,0
239,239.08,0,0.00,0.00,-0.00,-0.0,0.5,0.6,0.4,0,0
240,240.04,0,0.00,0.00,-0.00,-0.0,0.5,0.6,0.4,0,0
241,241.08,0,0.00,0.00,-0.00,-0.0,0.5,0.6,0.4,0,0
242,242.04,0,0.00,0.00,-0.00,-0.0,0.5,0.6,0.4,0,0
243,243.08,0,0.00,0.00,-0.00,-0.0,0.5,0.6,0.4,0,0
244,244.04,0,0.00,0.00,-0.00,-0.0,0.5,0.6,0.4,0,0
245,245.08,0,0.00,0.00,-0.00,-0.0,0.5,0.6,0.4,0,0
246,246.04,0,0.00,0.00,-0.00,-0.0,0.5,0.6,0.4,0,0
247,247.08,0,0.00,0.00,-0.00,-0.0,0.5,0.6,0.4,0,0
248,248.04,0,0.00,0.00,-0.00,-0.0,0.5,0.6,0.4,0,0
249,249.08,0,0.00,0.00,-0.00,-0.0,0.5,0.6,0.4,0,0
250,250.04,0,0.00,0.00,-0.00,-0.0,0.5,0.6,0.4,0,0
251,251.08,0,0.00,0.00,-0.00,-0.0,0.5,0.6,0.4,0,0
252,252.04,0,0.00,0.00,-0.00,-0.0,0.5,0.6,0.4,0,0
253,253.08,0,0.00,0.00,-0.00,-0.0,0.5,0.6,0.4,0,0
254,254.04,0,0.00,0.00,-0.00,-0.0,0.5,0.6,0.4,0,0
255,255.08,0,0.00,0.00,-0.00,-0.0,0.5,0.6,0.4,0,0
256,256.04,0,0.00,0.00,-0.00,-0.0,0.5,0.6,0.4,0,0
257,257.08,0,0.00,0.00,-0.00,-0.0,0.5,0.6,0.4,0,0
258,258.04,0,0.00,0.00,-0.00,-0.0,0.5,0.6,0.4,0,0
259,259.08,0,0.00,0.00,-0.00,-0.0,0.5,0.6,0.4,0,0
260,260.04,0,0.00,0.00,-0.00,-0.0,0.5,0.6,0.4,0,0
261,261.08,0,0.00,0.00,-0.00,-0.0,0.5,0.6,0.4,0,0
262,262.04,0,0.00,0.00,-0.00,-0.0,0.5,0.6,0.4,0,0
263,263.08,0,0.00,0.00,-0.00,-0.0,0.5,0.6,0.4,0,0
264,264.04,0,0.00,0.00,-0.00,-0.0,0.5,0.6,0.4,0,0
265,265.08,0,0.00,0.00,-0.00,-0.0,0.5,0.6,0.4,0,0
266,266.04,0,0.00,0.00,-0.00,-0.0,0.5,0.6,0.4,0,0
267,267.08,0,0.00,0.00,-0.00,-0.0,0.5,0.6,0.4,0,0
268,268.04,0,0.00,0.00,-0.00,-0.0,0.5,0.6,0.4,0,0
269,269.08,0,0.00,0.00,-0.00,-0.0,0.5,0.6,0.4,0,0
270,270.04,0,0.00,0.00,-0.00,-0.0,0.5,0.6,0.4,0,0
271,271.08,0,0.00,0.00,-0.00,-0.0,0.5,0.6,0.4,0,0
272,272.04,0,0.00,0.00,-0.00,-0.0,0.5,0.6,0.4,0,0
273,273.08,0,0.00,0.00,-0.00,-0.0,0.5,0.6,0.4,0,0
274,274.04,0,0.00,0.00,-0.00,-0.0,0.5,0.6,0.4,0,0
275,275.08,0,0.00,0.00,-0.00,-0.0,0.5,0.6,0.4,0,0
276,276.04,0,0.00,0.00,-0.00,-0.0,0.5,0.6,0.4,0,0
277,277.08,0,0.00,0.00,-0.00,-0.0,0.5,0.6,0.4,0,0
278,278.04,0,0.00,0.00,-0.00,-0.0,0.5,0.6,0.4,0,0
279,279.08,0,0.00,0.00,-0.00,-0.0,0.5,0.6,0.4,0,0
280,280.04,0,0.00,0.00,-0.00,-0.0,0.5,0.6,0.4,0,0
281,281.08,0,0.00,0.00,-0.00,-0.0,0.5,0.6,0.4,0,0
282,282.04,0,0.00,0.00,-0.00,-0.0,0.5,0.6,0.4,0,0
283,283.08,0,0.00,0.00,-0.00,-0.0,0.5,0.6,0.4,0,0
284,284.04,0,0.00,0.00,-0.00,-0.0,0.5,0.6,0.4,0,0
285,285.08,0,0.00,0.00,-0.00,-0.0,0.5,0.6,0.4,0,0
286,286.04,0,0.00,0.00,-0.00,-0.0,0.5,0.6,0.4,0,0
287,287.08,0,0.00,0.00,-0.00,-0.0,0.5,0.6,0.4,0,0
288,288.04,0,0.00,0.00,-0.00,-0.0,0.5,0.6,0.4,0,0
289,289.08,0,0.00,0.00,-0.00,-0.0,0.5,0.6,0.4,0,0
290,290.04,0,0.00,0.00,-0.00,-0.0,0.5,0.6,0.4,0,0
291,291.08,0,0.00,0.00,-0.00,-0.0,0.5,0.6,0.4,0,0
292,292.04,0,0.00,0.00,-0.00,-0.0,0.5,0.6,0.4,0,0
293,293.08,0,0.00,0.00,-0.00,-0.0,0.5,0.6,0.4,0,0
294,294.04,0,0.00,0.00,-0.00,-0.0,0.5,0.6,0.4,0,0
295,295.08,0,0.00,0.00,-0.00,-0.0,0.5,0.6,0.4,0,0
296,296.04,0,0.00,0.00,-0.00,-0.0,0.5,0.6,0.4,0,0
297,297.08,0,0.00,0.00,-0.00,-0.0,0.5,0.6,0.4,0,0
298,298.04,0,0.00,0.00,-0.00,-0.0,0.5,0.6,0.4,0,0
299,299.08,0,0.00,0.00,-0.00,-0.0,0.5,0.6,0.4,0,0
300,300.04,0,0.00,0.00,-0.00,-0.0,0.5,0.6,0.4,0,0
301,301.08,0,0.00,0.00,-0.00,-0.0,0.5,0.6,0.4,0,0
302,302.04,0,0.00,0.00,-0.00,-0.0,0.5,0.6,0.4,0,0
303,303.08,0,0.00,0.00,-0.00,-0.0,0.5,0.5,0.5,0,0
304,304.04,-1,-1.00,0.00,-0.00,-0.0,0.5,0.5,0.5,0,0
305,305.08,-1,-1.00,0.00,-0.00,-0.0,0.5,0.5,0.5,0,0
306,306.04,-1,-1.00,0.00,-0.00,-0.0,0.5,0.5,0.5,0,0
307,307.08,-2,-2.00,0.00,-0.00,-0.0,0.5,0.5,0.5,0,0
308,308.04,-2,-2.00,0.00,-0.00,-0.0,0.5,0.5,0.5,0,0
309,309.08,-3,-3.00,0.00,-0.00,-0.0,0.5,0.5,0.5,0,0
310,310.04,-3,-3.00,0.00,-0.00,-0.0,0.5,0.5,0.5,0,0
311,311.08,-4,-4.00,0.00,-0.00,-0.0,0.5,0.5,0.5,0,0
312,312.04,-4,-4.00,0.00,-0.00,-0.0,0.5,0.5,0.5,0,0
313,313.08,-3,-3.00,0.00,-0.00,-0.0,0.5,0.5,0.5,0,0
314,314.04,-3,-3.00,0.00,-0.00,-0.0,0.5,0.5,0.5,0,0
315,315.08,-4,-4.00,0.00,-0.00,-0.0,0.5,0.5,0.5,0,0
316,316.04,-4,-4.00,0.00,-0.00,-0.0,0.5,0.5,0.5,0,0
317,317.08,-5,-5.00,0.00,-0.00,-0.0,0.5,0.5,0.5,0,0
318,318.04,-6,-6.00,0.00,-0.00,-0.0,0.4,0.6,0.6,0,0
319,319.08,-13,-13.00,0.00,-0.00,-0.0,0.4,0.6,0.6,0,0
320,320.04,-31,-31.00,0.00,-0.00,-0.0,0.4,0.6,0.6,0,0
321,321.08,-51,-51.00,0.00,-0.00,-0.0,0.4,0.6,0.6,0,0
322,322.04,-82,-82.00,0.00,-0.00,-0.0,0.4,0.6,0.5,0,0
323,323.08,-110,-110.00,0.00,-0.00,-0.0,0.4,0.6,0.5,0,0
324,324.04,-135,-135.00,0.00,-0.00,-0.0,0.4,0.6,0.5,0,0
325,325.08,-166,-166.00,0.00,-0.00,-0.0,0.4,0.6,0.5,0,0
326,326.04,-190,-190.00,0.00,-0.00,-0.0,0.4,0.6,0.4,0,0
327,327.08,-208,-208.00,0.00,-0.00,-0.0,0.4,0.6,0.4,0,0
328,328.04,-214,-214.00,0.00,-0.00,-0.0,0.4,0.6,0.4,0,0
329,329.08,-214,-214.00,0.00,-0.00,-0.0,0.4,0.6,0.4,0,0
330,330.04,-207,-207.00,0.00,-0.00,-0.0,0.4,0.6,0.4,0,0
331,331.08,-198,-198.00,0.00,-0.00,-0.0,0.4,0.6,0.4,0,0
332,332.04,-182,-182.00,0.00,-0.00,-0.0,0.4,0.6,0.4,0,0
333,333.08,-164,-164.00,0.00,-0.00,-0.0,0.4,0.6,0.4,0,0
334,334.04,-151,-151.00,0.00,-0.00,-0.0,0.4,0.6,0.5,0,0
335,335.08,-135,-135.00,0.00,-0.00,-0.0,0.4,0.6,0.5,0,0
336,336.04,-122,-122.00,0.00,-0.00,-0.0,0.4,0.6,0.5,0,0
337,337.08,-112,-112.00,0.00,-0.00,-0.0,0.4,0.6,0.5,0,0
338,338.04,-110,-110.00,0.00,-0.00,-0.0,0.4,0.6,0.5,0,0
339,339.08,-109,-109.00,0.00,-0.00,-0.0,0.4,0.6,0.5,0,0
340,340.04,-112,-112.00,0.00,-0.00,-0.0,0.4,0.6,0.5,0,0
341,341.08,-120,-120.00,0.00,-0.00,-0.0,0.4,0.6,0.5,0,0
342,342.04,-127,-127.00,0.00,-0.00,-0.0,0.4,0.6,0.5,0,0
343,343.08,-138,-138.00,0.00,-0.00,-0.0,0.4,0.6,0.5,0,0
344,344.04,-146,-146.00,0.00,-0.00,-0.0,0.4,0.6,0.5,0,0
345,345.08,-155,-155.00,0.00,-0.00,-0.0,0.4,0.6,0.5,0,0
346,346.04,-160,-160.00,0.00,-0.00,-0.0,0.4,0.6,0.5,0,0
347,347.08,-164,-164.00,0.00,-0.00,-0.0,0.4,0.6,0.5,0,0
348,348.04,-165,-165.00,0.00,-0.00,-0.0,0.4,0.6,0.5,0,0
349,349.08,-164,-164.00,0.00,-0.00,-0.0,0.4,0.6,0.5,0,0
350,350.04,-163,-163.00,0.00,-0.00,-0.0,0.4,0.6,0.5,0,0
351,351.08,-160,-160.00,0.00,-0.00,-0.0,0.4,0.6,0.5,0,0
352,352.04,-157,-157.00,0.00,-0.00,-0.0,0.4,0.6,0.5,0,0
353,353.08,-150,-150.00,0.00,-0.00,-0.0,0.4,0.6,0.5,0,0
354,354.04,-145,-145.00,0.00,-0.00,-0.0,0.4,0.6,0.5,0,0
355,355.08,-140,-140.00,0.00,-0.00,-0.0,0.4,0.6,0.5,0,0
356,356.04,-138,-138.00,0.00,-0.00,-0.0,0.4,0.6,0.5,0,0
357,357.08,-136,-136.00,0.00,-0.00,-0.0,0.4,0.6,0.5,0,0
358,358.04,-136,-136.00,0.00,-0.00,-0.0,0.4,0.6,0.5,0,0
359,359.08,-136,-136.00,0.00,-0.00,-0.0,0.4,0.6,0.5,0,0
360,360.04,-138,-138.00,0.00,-0.00,-0.0,0.4,0.6,0.5,0,0
361,361.08,-142,-142.00,0.00,-0.00,-0.0,0.4,0.6,0.5,0,0
362,362.04,-145,-145.00,0.00,-0.00,-0.0,0.4,0.6,0.5,0,0
363,363.08,-147,-147.00,0.00,-0.00,-0.0,0.4,0.6,0.5,0,0
364,364.04,-147,-147.00,0.00,-0.00,-0.0,0.4,0.6,0.5,0,0
365,365.08,-149,-149.00,0.00,-0.00,-0.0,0.4,0.6,0.5,0,0
366,366.04,-150,-150.00,0.00,-0.00,-0.0,0.4,0.6,0.5,0,0
367,367.08,-151,-151.00,0.00,-0.00,-0.0,0.4,0.6,0.5,0,0
368,368.04,-150,-150.00,0.00,-0.00,-0.0,0.4,0.6,0.5,0,0
369,369.08,-149,-149.00,0.00,-0.00,-0.0,0.4,0.6,0.5,0,0
370,370.04,-148,-148.00,0.00,-0.00,-0.0,0.4,0.6,0.5,0,0
371,371.08,-146,-146.00,0.00,-0.00,-0.0,0.4,0.6,0.5,0,0
372,372.04,-144,-144.00,0.00,-0.00,-0.0,0.4,0.6,0.5,0,0
373,373.08,-145,-145.00,0.00,-0.00,-0.0,0.4,0.6,0.5,0,0
374,374.04,-144,-144.00,0.00,-0.00,-0.0,0.4,0.6,0.5,0,0
375,375.08,-143,-143.00,0.00,-0.00,-0.0,0.4,0.6,0.5,0,0
376,376.04,-143,-143.00,0.00,-0.00,-0.0,0.4,0.6,0.5,0,0
377,377.08,-143,-143.00,0.00,-0.00,-0.0,0.4,0.6,0.5,0,0
378,378.04,-144,-144.00,0.00,-0.00,-0.0,0.4,0.6,0.5,0,0
379,379.08,-145,-145.00,0.00,-0.00,-0.0,0.4,0.6,0.5,0,0
380,380.04,-145,-145.00,0.00,-0.00,-0.0,0.4,0.6,0.5,0,0
381,381.08,-146,-146.00,0.00,-0.00,-0.0,0.4,0.6,0.5,0,0
382,382.04,-147,-147.00,0.00,-0.00,-0.0,0.4,0.6,0.5,0,0
383,383.08,-147,-147.00,0.00,-0.00,-0.0,0.4,0.6,0.5,0,0
384,384.04,-147,-147.00,0.00,-0.00,-0.0,0.4,0.6,0.5,0,0
385,385.08,-148,-148.00,0.00,-0.00,-0.0,0.4,0.6,0.5,0,0
386,386.04,-147,-147.00,0.00,-0.00,-0.0,0.4,0.6,0.5,0,0
387,387.08,-147,-147.00,0.00,-0.00,-0.0,0.4,0.6,0.5,0,0
388,388.04,-147,-147.00,0.00,-0.00,-0.0,0.4,0.6,0.5,0,0
389,389.08,-146,-146.00,0.00,-0.00,-0.0,0.4,0.6,0.5,0,0
390,390.04,-146,-146.00,0.00,-0.00,-0.0,0.4,0.6,0.5,0,0
391,391.08,-145,-145.00,0.00,-0.00,-0.0,0.4,0.6,0.5,0,0
392,392.04,-145,-145.00,0.00,-0.00,-0.0,0.4,0.6,0.5,0,0
393,393.08,-145,-145.00,0.00,-0.00,-0.0,0.4,0.6,0.5,0,0
394,394.04,-145,-145.00,0.00,-0.00,-0.0,0.4,0.6,0.5,0,0
395,395.08,-145,-145.00,0.00,-0.00,-0.0,0.4,0.6,0.5,0,0
396,396.04,-146,-146.00,0.00,-0.00,-0.0,0.4,0.6,0.5,0,0
397,397.08,-146,-146.00,0.00,-0.00,-0.0,0.4,0.6,0.5,0,0
398,398.04,-146,-146.00,0.00,-0.00,-0.0,0.4,0.6,0.5,0,0
399,399.08,-146,-146.00,0.00,-0.00,-0.0,0.4,0.6,0.5,0,0
400,400.04,-146,-146.00,0.00,-0.00,-0.0,0.4,0.6,0.5,0,0
401,401.08,-146,-146.00,0.00,-0.00,-0.0,0.4,0.6,0.5,0,0
402,402.04,-146,-146.00,0.00,-0.00,-0.0,0.4,0.6,0.5,0,0
403,403.08,-146,-146.00,0.00,-0.00,-0.0,0.4,0.6,0.5,0,0
404,404.04,-146,-146.00,0.00,-0.00,-0.0,0.4,0.6,0.5,0,0
405,405.08,-146,-146.00,0.00,-0.00,-0.0,0.4,0.6,0.5,0,0
406,406.04,-146,-146.00,0.00,-0.00,-0.0,0.4,0.6,0.5,0,0
407,407.08,-146,-146.00,0.00,-0.00,-0.0,0.4,0.6,0.5,0,0
408,408.04,-146,-146.00,0.00,-0.00,-0.0,0.4,0.6,0.5,0,0
409,409.08,-146,-146.00,0.00,-0.00,-0.0,0.4,0.6,0.5,0,0
410,410.04,-146,-146.00,0.00,-0.00,-0.0,0.4,0.6,0.5,0,0
411,411.08,-146,-146.00,0.00,-0.00,-0.0,0.4,0.6,0.5,0,0
412,412.04,-146,-146.00,0.00,-0.00,-0.0,0.4,0.6,0.5,0,0
413,413.08,-146,-146.00,0.00,-0.00,-0.0,0.4,0.6,0.5,0,0
414,414.04,-146,-146.00,0.00,-0.00,-0.0,0.4,0.6,0.5,0,0
415,415.08,-146,-146.00,0.00,-0.00,-0.0,0.4,0.6,0.5,0,0
416,416.04,-146,-146.00,0.00,-0.00,-0.0,0.4,0.6,0.5,0,0
417,417.08,-146,-146.00,0.00,-0.00,-0.0,0.4,0.6,0.5,0,0
418,418.04,-146,-146.00,0.00,-0.00,-0.0,0.4,0.6,0.5,0,0
419,419.08,-146,-146.00,0.00,-0.00,-0.0,0.5,0.5,0.5,0,0
420,420.04,-146,-146.00,0.00,-0.00,-0.0,0.5,0.5,0.5,0,0
421,421.08,-145,-145.00,0.00,-0.00,-0.0,0.5,0.5,0.5,0,0
422,422.04,-145,-145.00,0.00,-0.00,-0.0,0.5,0.5,0.5,0,0
423,423.08,-145,-145.00,0.00,-0.00,-0.0,0.5,0.5,0.5,0,0
424,424.04,-144,-144.00,0.00,-0.00,-0.0,0.5,0.5,0.5,0,0
425,425.08,-144,-144.00,0.00,-0.00,-0.0,0.5,0.5,0.5,0,0
426,426.04,-143,-143.00,0.00,-0.00,-0.0,0.5,0.5,0.5,0,0
427,427.08,-143,-143.00,0.00,-0.00,-0.0,0.5,0.5,0.5,0,0
428,428.04,-142,-142.00,0.00,-0.00,-0.0,0.5,0.5,0.5,0,0
429,429.08,-142,-142.00,0.00,-0.00,-0.0,0.5,0.5,0.5,0,0
430,430.04,-141,-141.00,0.00,-0.00,-0.0,0.5,0.5,0.5,0,0
431,431.08,-141,-141.00,0.00,-0.00,-0.0,0.5,0.5,0.5,0,0
432,432.04,-140,-140.00,0.00,-0.00,-0.0,0.5,0.5,0.5,0,0
433,433.08,-140,-140.00,0.00,-0.00,-0.0,0.5,0.5,0.5,0,0
434,434.04,-141,-141.00,0.00,-0.00,-0.0,0.4,0.4,0.6,0,0
435,435.08,-147,-147.00,0.00,-0.00,-0.0,0.4,0.4,0.6,0,0
436,436.04,-163,-163.00,0.00,-0.00,-0.0,0.4,0.4,0.6,0,0
437,437.08,-187,-187.00,0.00,-0.00,-0.0,0.4,0.5,0.6,0,0
438,438.04,-212,-212.00,0.00,-0.00,-0.0,0.4,0.5,0.6,0,0
439,439.08,-249,-249.00,0.00,-0.00,-0.0,0.4,0.5,0.6,0,0
440,440.04,-281,-281.00,0.00,-0.00,-0.0,0.4,0.5,0.6,0,0
441,441.08,-321,-321.00,0.00,-0.00,-0.0,0.4,0.6,0.6,0,0
442,442.04,-349,-349.00,0.00,-0.00,-0.0,0.4,0.6,0.6,0,0
443,443.08,-372,-372.00,0.00,-0.00,-0.0,0.4,0.6,0.6,0,0
444,444.04,-384,-384.00,0.00,-0.00,-0.0,0.4,0.6,0.6,0,0
445,445.08,-388,-388.00,0.00,-0.00,-0.0,0.4,0.6,0.6,0,0
446,446.04,-386,-386.00,0.00,-0.00,-0.0,0.4,0.6,0.5,0,0
447,447.08,-373,-373.00,0.00,-0.00,-0.0,0.4,0.6,0.6,0,0
448,448.04,-358,-358.00,0.00,-0.00,-0.0,0.4,0.6,0.6,0,0
449,449.08,-337,-337.00,0.00,-0.00,-0.0,0.4,0.6,0.6,0,0
450,450.04,-322,-322.00,0.00,-0.00,-0.0,0.4,0.6,0.6,0,0
451,451.08,-304,-304.00,0.00,-0.00,-0.0,0.4,0.6,0.6,0,0
452,452.04,-289,-289.00,0.00,-0.00,-0.0,0.4,0.6,0.6,0,0
453,453.08,-277,-277.00,0.00,-0.00,-0.0,0.4,0.6,0.6,0,0
454,454.04,-270,-270.00,0.00,-0.00,-0.0,0.4,0.5,0.6,0,0
455,455.08,-269,-269.00,0.00,-0.00,-0.0,0.4,0.5,0.6,0,0
456,456.04,-273,-273.00,0.00,-0.00,-0.0,0.4,0.5,0.6,0,0
457,457.08,-282,-282.00,0.00,-0.00,-0.0,0.4,0.5,0.6,0,0
458,458.04,-291,-291.00,0.00,-0.00,-0.0,0.4,0.6,0.6,0,0
459,459.08,-302,-302.00,0.00,-0.00,-0.0,0.4,0.6,0.6,0,0
460,460.04,-311,-311.00,0.00,-0.00,-0.0,0.4,0.6,0.6,0,0
461,461.08,-322,-322.00,0.00,-0.00,-0.0,0.4,0.6,0.6,0,0
462,462.04,-329,-329.00,0.00,-0.00,-0.0,0.4,0.6,0.6,0,0
463,463.08,-333,-333.00,0.00,-0.00,-0.0,0.4,0.6,0.6,0,0
464,464.04,-334,-334.00,0.00,-0.00,-0.0,0.4,0.6,0.6,0,0
465,465.08,-332,-332.00,0.00,-0.00,-0.0,0.4,0.6,0.6,0,0
466,466.04,-327,-327.00,0.00,-0.00,-0.0,0.4,0.6,0.6,0,0
467,467.08,-321,-321.00,0.00,-0.00,-0.0,0.4,0.6,0.6,0,0
468,468.04,-314,-314.00,0.00,-0.00,-0.0,0.4,0.6,0.6,0,0
469,469.08,-309,-309.00,0.00,-0.00,-0.0,0.4,0.6,0.6,0,0
470,470.04,-303,-303.00,0.00,-0.00,-0.0,0.4,0.6,0.6,0,0
471,471.08,-299,-299.00,0.00,-0.00,-0.0,0.4,0.6,0.6,0,0
472,472.04,-297,-297.00,0.00,-0.00,-0.0,0.4,0.6,0.6,0,0
473,473.08,-296,-296.00,0.00,-0.00,-0.0,0.4,0.6,0.6,0,0
474,474.04,-296,-296.00,0.00,-0.00,-0.0,0.4,0.6,0.6,0,0
475,475.08,-299,-299.00,0.00,-0.00,-0.0,0.4,0.6,0.6,0,0
476,476.04,-303,-303.00,0.00,-0.00,-0.0,0.4,0.6,0.6,0,0
477,477.08,-307,-307.00,0.00,-0.00,-0.0,0.4,0.6,0.6,0,0
478,478.04,-311,-311.00,0.00,-0.00,-0.0,0.4,0.6,0.6,0,0
479,479.08,-315,-315.00,0.00,-0.00,-0.0,0.4,0.6,0.6,0,0
480,480.04,-317,-317.00,0.00,-0.00,-0.0,0.4,0.6,0.6,0,0
481,481.08,-318,-318.00,0.00,-0.00,-0.0,0.4,0.6,0.6,0,0
482,482.04,-318,-318.00,0.00,-0.00,-0.0,0.4,0.6,0.6,0,0
483,483.08,-316,-316.00,0.00,-0.00,-0.0,0.4,0.6,0.6,0,0
484,484.04,-314,-314.00,0.00,-0.00,-0.0,0.4,0.6,0.6,0,0
485,485.08,-312,-312.00,0.00,-0.00,-0.0,0.4,0.6,0.6,0,0
486,486.04,-309,-309.00,0.00,-0.00,-0.0,0.4,0.6,0.6,0,0
487,487.08,-307,-307.00,0.00,-0.00,-0.0,0.4,0.6,0.6,0,0
488,488.04,-305,-305.00,0.00,-0.00,-0.0,0.4,0.6,0.6,0,0
489,489.08,-304,-304.00,0.00,-0.00,-0.0,0.4,0.6,0.6,0,0
490,490.04,-304,-304.00,0.00,-0.00,-0.0,0.4,0.6,0.6,0,0
491,491.08,-304,-304.00,0.00,-0.00,-0.0,0.4,0.6,0.6,0,0
492,492.04,-305,-305.00,0.00,-0.00,-0.0,0.4,0.6,0.6,0,0
493,493.08,-307,-307.00,0.00,-0.00,-0.0,0.4,0.6,0.6,0,0
494,494.04,-308,-308.00,0.00,-0.00,-0.0,0.4,0.6,0.6,0,0
495,495.08,-310,-310.00,0.00,-0.00,-0.0,0.4,0.6,0.6,0,0
496,496.04,-309,-309.00,0.00,-0.00,-0.0,0.4,0.6,0.6,0,0
497,497.08,-310,-310.00,0.00,-0.00,-0.0,0.4,0.6,0.6,0,0
498,498.04,-310,-310.00,0.00,-0.00,-0.0,0.4,0.6,0.6,0,0
499,499.08,-310,-310.00,0.00,-0.00,-0.0,0.4,0.6,0.6,0,0
500,500.04,-310,-310.00,0.00,-0.00,-0.0,0.4,0.6,0.6,0,0
501,501.08,-311,-311.00,0.00,-0.00,-0.0,0.4,0.6,0.6,0,0
502,502.04,-310,-310.00,0.00,-0.00,-0.0,0.4,0.6,0.6,0,0
503,503.08,-310,-310.00,0.00,-0.00,-0.0,0.4,0.6,0.6,0,0
504,504.04,-309,-309.00,0.00,-0.00,-0.0,0.4,0.6,0.6,0,0
505,505.08,-308,-308.00,0.00,-0.00,-0.0,0.4,0.6,0.6,0,0
506,506.04,-308,-308.00,0.00,-0.00,-0.0,0.4,0.6,0.6,0,0
507,507.08,-307,-307.00,0.00,-0.00,-0.0,0.4,0.6,0.6,0,0
508,508.04,-307,-307.00,0.00,-0.00,-0.0,0.4,0.6,0.6,0,0
509,509.08,-308,-308.00,0.00,-0.00,-0.0,0.4,0.6,0.6,0,0
510,510.04,-308,-308.00,0.00,-0.00,-0.0,0.4,0.6,0.6,0,0
511,511.08,-308,-308.00,0.00,-0.00,-0.0,0.4,0.6,0.6,0,0
512,512.04,-309,-309.00,0.00,-0.00,-0.0,0.4,0.6,0.6,0,0
513,513.08,-309,-309.00,0.00,-0.00,-0.0,0.4,0.6,0.6,0,0
514,514.04,-310,-310.00,0.00,-0.00,-0.0,0.4,0.6,0.6,0,0
515,515.08,-310,-310.00,0.00,-0.00,-0.0,0.4,0.6,0.6,0,0
516,516.04,-310,-310.00,0.00,-0.00,-0.0,0.4,0.6,0.6,0,0
517,517.08,-310,-310.00,0.00,-0.00,-0.0,0.4,0.6,0.6,0,0
518,518.04,-310,-310.00,0.00,-0.00,-0.0,0.4,0.6,0.6,0,0
519,519.08,-309,-309.00,0.00,-0.00,-0.0,0.4,0.6,0.6,0,0
520,520.04,-309,-309.00,0.00,-0.00,-0.0,0.4,0.6,0.6,0,0
521,521.08,-309,-309.00,0.00,-0.00,-0.0,0.4,0.6,0.6,0,0
522,522.04,-308,-308.00,0.00,-0.00,-0.0,0.4,0.6,0.6,0,0
523,523.08,-308,-308.00,0.00,-0.00,-0.0,0.4,0.6,0.6,0,0
524,524.04,-308,-308.00,0.00,-0.00,-0.0,0.4,0.6,0.6,0,0
525,525.08,-308,-308.00,0.00,-0.00,-0.0,0.4,0.6,0.6,0,0
526,526.04,-309,-309.00,0.00,-0.00,-0.0,0.4,0.6,0.6,0,0
527,527.08,-309,-309.00,0.00,-0.00,-0.0,0.4,0.6,0.6,0,0
528,528.04,-309,-309.00,0.00,-0.00,-0.0,0.4,0.6,0.6,0,0
529,529.08,-309,-309.00,0.00,-0.00,-0.0,0.4,0.6,0.6,0,0
530,530.04,-309,-309.00,0.00,-0.00,-0.0,0.4,0.6,0.6,0,0
531,531.08,-309,-309.00,0.00,-0.00,-0.0,0.4,0.6,0.6,0,0
532,532.04,-309,-309.00,0.00,-0.00,-0.0,0.4,0.6,0.6,0,0
533,533.08,-309,-309.00,0.00,-0.00,-0.0,0.4,0.6,0.6,0,0
534,534.04,-309,-309.00,0.00,-0.00,-0.0,0.4,0.6,0.6,0,0
535,535.08,-309,-309.00,0.00,-0.00,-0.0,0.5,0.5,0.5,0,0
536,536.04,-309,-309.00,0.00,-0.00,-0.0,0.5,0.5,0.5,0,0
537,537.08,-309,-309.00,0.00,-0.00,-0.0,0.5,0.5,0.5,0,0
538,538.04,-308,-308.00,0.00,-0.00,-0.0,0.5,0.5,0.5,0,0
539,539.08,-308,-308.00,0.00,-0.00,-0.0,0.5,0.5,0.5,0,0
540,540.04,-309,-309.00,0.00,-0.00,-0.0,0.5,0.5,0.5,0,0
541,541.08,-308,-308.00,0.00,-0.00,-0.0,0.5,0.5,0.5,0,0
542,542.04,-307,-307.00,0.00,-0.00,-0.0,0.5,0.5,0.5,0,0
543,543.08,-306,-306.00,0.00,-0.00,-0.0,0.5,0.5,0.5,0,0
544,544.04,-306,-306.00,0.00,-0.00,-0.0,0.5,0.5,0.5,0,0
545,545.08,-307,-307.00,0.00,-0.00,-0.0,0.5,0.5,0.5,0,0
546,546.04,-306,-306.00,0.00,-0.00,-0.0,0.5,0.5,0.5,0,0
547,547.08,-305,-305.00,0.00,-0.00,-0.0,0.5,0.5,0.5,0,0
548,548.04,-304,-304.00,0.00,-0.00,-0.0,0.5,0.5,0.5,0,0
549,549.08,-304,-304.00,0.00,-0.00,-0.0,0.5,0.5,0.5,0,0
550,550.04,-304,-304.00,0.00,-0.00,-0.0,0.5,0.4,0.6,0,0
551,551.08,-313,-313.00,0.00,-0.00,-0.0,0.5,0.4,0.6,0,0
552,552.04,-328,-328.00,0.00,-0.00,-0.0,0.5,0.4,0.6,0,0
553,553.08,-351,-351.00,0.00,-0.00,-0.0,0.5,0.4,0.6,0,0
554,554.04,-382,-382.00,0.00,-0.00,-0.0,0.5,0.4,0.6,0,0
555,555.08,-416,-416.00,0.00,-0.00,-0.0,0.5,0.4,0.6,0,0
556,556.04,-453,-453.00,0.00,-0.00,-0.0,0.4,0.4,0.6,0,0
557,557.08,-483,-483.00,0.00,-0.00,-0.0,0.4,0.4,0.6,0,0
558,558.04,-511,-511.00,0.00,-0.00,-0.0,0.4,0.4,0.6,0,0
559,559.08,-532,-532.00,0.00,-0.00,-0.0,0.4,0.5,0.6,0,0
560,560.04,-543,-543.00,0.00,-0.00,-0.0,0.4,0.5,0.6,0,0
561,561.08,-546,-546.00,0.00,-0.00,-0.0,0.4,0.5,0.6,0,0
562,562.04,-543,-543.00,0.00,-0.00,-0.0,0.4,0.5,0.6,0,0
563,563.08,-532,-532.00,0.00,-0.00,-0.0,0.4,0.5,0.6,0,0
564,564.04,-514,-514.00,0.00,-0.00,-0.0,0.4,0.5,0.6,0,0
565,565.08,-495,-495.00,0.00,-0.00,-0.0,0.4,0.5,0.6,0,0
566,566.04,-475,-475.00,0.00,-0.00,-0.0,0.4,0.4,0.6,0,0
567,567.08,-457,-457.00,0.00,-0.00,-0.0,0.4,0.4,0.6,0,0
568,568.04,-442,-442.00,0.00,-0.00,-0.0,0.4,0.4,0.6,0,0
569,569.08,-432,-432.00,0.00,-0.00,-0.0,0.4,0.4,0.6,0,0
570,570.04,-427,-427.00,0.00,-0.00,-0.0,0.4,0.4,0.6,0,0
571,571.08,-428,-428.00,0.00,-0.00,-0.0,0.4,0.4,0.6,0,0
572,572.04,-432,-432.00,0.00,-0.00,-0.0,0.4,0.4,0.6,0,0
573,573.08,-441,-441.00,0.00,-0.00,-0.0,0.4,0.4,0.6,0,0
574,574.04,-452,-452.00,0.00,-0.00,-0.0,0.4,0.4,0.6,0,0
575,575.08,-464,-464.00,0.00,-0.00,-0.0,0.4,0.4,0.6,0,0
576,576.04,-475,-475.00,0.00,-0.00,-0.0,0.4,0.4,0.6,0,0
577,577.08,-484,-484.00,0.00,-0.00,-0.0,0.4,0.4,0.6,0,0
578,578.04,-487,-487.00,0.00,-0.00,-0.0,0.4,0.4,0.6,0,0
579,579.08,-491,-491.00,0.00,-0.00,-0.0,0.4,0.4,0.6,0,0
580,580.04,-491,-491.00,0.00,-0.00,-0.0,0.4,0.4,0.6,0,0
581,581.08,-488,-488.00,0.00,-0.00,-0.0,0.4,0.4,0.6,0,0
582,582.04,-482,-482.00,0.00,-0.00,-0.0,0.4,0.4,0.6,0,0
583,583.08,-474,-474.00,0.00,-0.00,-0.0,0.4,0.4,0.6,0,0
584,584.04,-466,-466.00,0.00,-0.00,-0.0,0.4,0.4,0.6,0,0
585,585.08,-462,-462.00,0.00,-0.00,-0.0,0.4,0.4,0.6,0,0
586,586.04,-459,-459.00,0.00,-0.00,-0.0,0.4,0.4,0.6,0,0
587,587.08,-454,-454.00,0.00,-0.00,-0.0,0.4,0.4,0.6,0,0
588,588.04,-453,-453.00,0.00,-0.00,-0.0,0.4,0.4,0.6,0,0
589,589.08,-453,-453.00,0.00,-0.00,-0.0,0.4,0.4,0.6,0,0
590,590.04,-453,-453.00,0.00,-0.00,-0.0,0.4,0.4,0.6,0,0
591,591.08,-457,-457.00,0.00,-0.00,-0.0,0.4,0.4,0.6,0,0
592,592.04,-460,-460.00,0.00,-0.00,-0.0,0.4,0.4,0.6,0,0
593,593.08,-464,-464.00,0.00,-0.00,-0.0,0.4,0.4,0.6,0,0
594,594.04,-469,-469.00,0.00,-0.00,-0.0,0.4,0.4,0.6,0,0
595,595.08,-472,-472.00,0.00,-0.00,-0.0,0.4,0.4,0.6,0,0
596,596.04,-474,-474.00,0.00,-0.00,-0.0,0.4,0.4,0.6,0,0
597,597.08,-475,-475.00,0.00,-0.00,-0.0,0.4,0.4,0.6,0,0
598,598.04,-475,-475.00,0.00,-0.00,-0.0,0.4,0.4,0.6,0,0
599,599.08,-473,-473.00,0.00,-0.00,-0.0,0.4,0.4,0.6,0,0
600,600.04,-470,-470.00,0.00,-0.00,-0.0,0.4,0.4,0.6,0,0
601,601.08,-467,-467.00,0.00,-0.00,-0.0,0.4,0.4,0.6,0,0
602,602.04,-464,-464.00,0.00,-0.00,-0.0,0.4,0.4,0.6,0,0
603,603.08,-462,-462.00,0.00,-0.00,-0.0,0.4,0.4,0.6,0,0
604,604.04,-460,-460.00,0.00,-0.00,-0.0,0.4,0.4,0.6,0,0
605,605.08,-459,-459.00,0.00,-0.00,-0.0,0.4,0.4,0.6,0,0
606,606.04,-460,-460.00,0.00,-0.00,-0.0,0.4,0.4,0.6,0,0
607,607.08,-461,-461.00,0.00,-0.00,-0.0,0.4,0.4,0.6,0,0
608,608.04,-462,-462.00,0.00,-0.00,-0.0,0.4,0.4,0.6,0,0
609,609.08,-462,-462.00,0.00,-0.00,-0.0,0.4,0.4,0.6,0,0
610,610.04,-464,-464.00,0.00,-0.00,-0.0,0.4,0.4,0.6,0,0
611,611.08,-465,-465.00,0.00,-0.00,-0.0,0.4,0.4,0.6,0,0
612,612.04,-467,-467.00,0.00,-0.00,-0.0,0.4,0.4,0.6,0,0
613,613.08,-468,-468.00,0.00,-0.00,-0.0,0.4,0.4,0.6,0,0
614,614.04,-468,-468.00,0.00,-0.00,-0.0,0.4,0.4,0.6,0,0
615,615.08,-468,-468.00,0.00,-0.00,-0.0,0.4,0.4,0.6,0,0
616,616.04,-467,-467.00,0.00,-0.00,-0.0,0.4,0.4,0.6,0,0
617,617.08,-466,-466.00,0.00,-0.00,-0.0,0.4,0.4,0.6,0,0
618,618.04,-465,-465.00,0.00,-0.00,-0.0,0.4,0.4,0.6,0,0
619,619.08,-463,-463.00,0.00,-0.00,-0.0,0.4,0.4,0.6,0,0
620,620.04,-463,-463.00,0.00,-0.00,-0.0,0.4,0.4,0.6,0,0
621,621.08,-462,-462.00,0.00,-0.00,-0.0,0.4,0.4,0.6,0,0
622,622.04,-462,-462.00,0.00,-0.00,-0.0,0.4,0.4,0.6,0,0
623,623.08,-462,-462.00,0.00,-0.00,-0.0,0.4,0.4,0.6,0,0
624,624.04,-462,-462.00,0.00,-0.00,-0.0,0.4,0.4,0.6,0,0
625,625.08,-463,-463.00,0.00,-0.00,-0.0,0.4,0.4,0.6,0,0
626,626.04,-464,-464.00,0.00,-0.00,-0.0,0.4,0.4,0.6,0,0
627,627.08,-465,-465.00,0.00,-0.00,-0.0,0.4,0.4,0.6,0,0
628,628.04,-465,-465.00,0.00,-0.00,-0.0,0.4,0.4,0.6,0,0
629,629.08,-466,-466.00,0.00,-0.00,-0.0,0.4,0.4,0.6,0,0
630,630.04,-466,-466.00,0.00,-0.00,-0.0,0.4,0.4,0.6,0,0
631,631.08,-466,-466.00,0.00,-0.00,-0.0,0.4,0.4,0.6,0,0
632,632.04,-467,-467.00,0.00,-0.00,-0.0,0.4,0.4,0.6,0,0
633,633.08,-467,-467.00,0.00,-0.00,-0.0,0.4,0.4,0.6,0,0
634,634.04,-466,-466.00,0.00,-0.00,-0.0,0.4,0.4,0.6,0,0
635,635.08,-465,-465.00,0.00,-0.00,-0.0,0.4,0.4,0.6,0,0
636,636.04,-465,-465.00,0.00,-0.00,-0.0,0.4,0.4,0.6,0,0
637,637.08,-465,-465.00,0.00,-0.00,-0.0,0.4,0.4,0.6,0,0
638,638.04,-464,-464.00,0.00,-0.00,-0.0,0.4,0.4,0.6,0,0
639,639.08,-464,-464.00,0.00,-0.00,-0.0,0.4,0.4,0.6,0,0
640,640.04,-465,-465.00,0.00,-0.00,-0.0,0.4,0.4,0.6,0,0
641,641.08,-465,-465.00,0.00,-0.00,-0.0,0.4,0.4,0.6,0,0
642,642.04,-465,-465.00,0.00,-0.00,-0.0,0.4,0.4,0.6,0,0
643,643.08,-466,-466.00,0.00,-0.00,-0.0,0.4,0.4,0.6,0,0
644,644.04,-466,-466.00,0.00,-0.00,-0.0,0.4,0.4,0.6,0,0
645,645.08,-466,-466.00,0.00,-0.00,-0.0,0.4,0.4,0.6,0,0
646,646.04,-466,-466.00,0.00,-0.00,-0.0,0.4,0.4,0.6,0,0
647,647.08,-466,-466.00,0.00,-0.00,-0.0,0.4,0.4,0.6,0,0
648,648.04,-466,-466.00,0.00,-0.00,-0.0,0.4,0.4,0.6,0,0
649,649.08,-466,-466.00,0.00,-0.00,-0.0,0.4,0.4,0.6,0,0
650,650.04,-466,-466.00,0.00,-0.00,-0.0,0.4,0.4,0.6,0,0
651,651.08,-466,-466.00,0.00,-0.00,-0.0,0.5,0.5,0.5,0,0
652,652.04,-466,-466.00,0.00,-0.00,-0.0,0.5,0.5,0.5,0,0
653,653.08,-466,-466.00,0.00,-0.00,-0.0,0.5,0.5,0.5,0,0
654,654.04,-465,-465.00,0.00,-0.00,-0.0,0.5,0.5,0.5,0,0
655,655.08,-465,-465.00,0.00,-0.00,-0.0,0.5,0.5,0.5,0,0
656,656.04,-465,-465.00,0.00,-0.00,-0.0,0.5,0.5,0.5,0,0
657,657.08,-465,-465.00,0.00,-0.00,-0.0,0.5,0.5,0.5,0,0
658,658.04,-464,-464.00,0.00,-0.00,-0.0,0.5,0.5,0.5,0,0
659,659.08,-464,-464.00,0.00,-0.00,-0.0,0.5,0.5,0.5,0,0
660,660.04,-464,-464.00,0.00,-0.00,-0.0,0.5,0.5,0.5,0,0
661,661.08,-463,-463.00,0.00,-0.00,-0.0,0.5,0.5,0.5,0,0
662,662.04,-463,-463.00,0.00,-0.00,-0.0,0.5,0.5,0.5,0,0
663,663.08,-462,-462.00,0.00,-0.00,-0.0,0.5,0.5,0.5,0,0
664,664.04,-462,-462.00,0.00,-0.00,-0.0,0.5,0.5,0.5,0,0
665,665.08,-462,-462.00,0.00,-0.00,-0.0,0.5,0.5,0.5,0,0
666,666.04,-461,-461.00,0.00,-0.00,-0.0,0.5,0.6,0.4,0,0
667,667.08,-458,-458.00,0.00,-0.00,-0.0,0.5,0.6,0.4,0,0
668,668.04,-447,-447.00,0.00,-0.00,-0.0,0.5,0.6,0.4,0,0
669,669.08,-431,-431.00,0.00,-0.00,-0.0,0.5,0.6,0.4,0,0
670,670.04,-410,-410.00,0.00,-0.00,-0.0,0.5,0.6,0.4,0,0
671,671.08,-380,-380.00,0.00,-0.00,-0.0,0.5,0.6,0.4,0,0
672,672.04,-349,-349.00,0.00,-0.00,-0.0,0.5,0.6,0.4,0,0
673,673.08,-317,-317.00,0.00,-0.00,-0.0,0.5,0.6,0.4,0,0
674,674.04,-277,-277.00,0.00,-0.00,-0.0,0.5,0.6,0.4,0,0
675,675.08,-227,-227.00,0.00,-0.00,-0.0,0.5,0.6,0.4,0,0
676,676.04,-181,-181.00,0.00,-0.00,-0.0,0.5,0.6,0.4,0,0
677,677.08,-128,-128.00,0.00,-0.00,-0.0,0.5,0.6,0.4,0,0
678,678.04,-81,-81.00,0.00,-0.00,-0.0,0.5,0.6,0.4,0,0
679,679.08,-36,-36.00,0.00,-0.00,-0.0,0.5,0.6,0.4,0,0
680,680.04,3,3.00,0.00,-0.00,-0.0,0.5,0.6,0.4,0,0
681,681.08,42,42.00,0.00,-0.00,-0.0,0.5,0.6,0.4,0,0
682,682.04,66,66.00,0.00,-0.00,-0.0,0.5,0.6,0.4,0,0
683,683.08,87,87.00,0.00,-0.00,-0.0,0.5,0.6,0.4,0,0
684,684.04,102,102.00,0.00,-0.00,-0.0,0.5,0.6,0.4,0,0
685,685.08,110,110.00,0.00,-0.00,-0.0,0.5,0.6,0.4,0,0
686,686.04,112,112.00,0.00,-0.00,-0.0,0.5,0.6,0.4,0,0
687,687.08,110,110.00,0.00,-0.00,-0.0,0.5,0.6,0.4,0,0
688,688.04,103,103.00,0.00,-0.00,-0.0,0.5,0.6,0.4,0,0
689,689.08,89,89.00,0.00,-0.00,-0.0,0.5,0.6,0.4,0,0
690,690.04,74,74.00,0.00,-0.00,-0.0,0.5,0.6,0.4,0,0
691,691.08,58,58.00,0.00,-0.00,-0.0,0.5,0.6,0.4,0,0
692,692.04,42,42.00,0.00,-0.00,-0.0,0.5,0.6,0.4,0,0
693,693.08,27,27.00,0.00,-0.00,-0.0,0.5,0.6,0.4,0,0
694,694.04,17,17.00,0.00,-0.00,-0.0,0.5,0.6,0.4,0,0
695,695.08,4,4.00,0.00,-0.00,-0.0,0.5,0.6,0.4,0,0
696,696.04,-6,-6.00,0.00,-0.00,-0.0,0.5,0.6,0.4,0,0
697,697.08,-14,-14.00,0.00,-0.00,-0.0,0.5,0.6,0.4,0,0
698,698.04,-19,-19.00,0.00,-0.00,-0.0,0.5,0.6,0.4,0,0
699,699.08,-23,-23.00,0.00,-0.00,-0.0,0.5,0.6,0.4,0,0
700,700.04,-24,-24.00,0.00,-0.00,-0.0,0.5,0.6,0.4,0,0
701,701.08,-24,-24.00,0.00,-0.00,-0.0,0.5,0.6,0.4,0,0
702,702.04,-22,-22.00,0.00,-0.00,-0.0,0.5,0.6,0.4,0,0
703,703.08,-18,-18.00,0.00,-0.00,-0.0,0.5,0.6,0.4,0,0
704,704.04,-16,-16.00,0.00,-0.00,-0.0,0.5,0.6,0.4,0,0
705,705.08,-13,-13.00,0.00,-0.00,-0.0,0.5,0.6,0.4,0,0
706,706.04,-9,-9.00,0.00,-0.00,-0.0,0.5,0.6,0.4,0,0
707,707.08,-4,-4.00,0.00,-0.00,-0.0,0.5,0.6,0.4,0,0
708,708.04,0,0.00,0.00,-0.00,-0.0,0.5,0.6,0.4,0,0
709,709.08,4,4.00,0.00,-0.00,-0.0,0.5,0.6,0.4,0,0
710,710.04,7,7.00,0.00,-0.00,-0.0,0.5,0.6,0.4,0,0
711,711.08,10,10.00,0.00,-0.00,-0.0,0.5,0.6,0.4,0,0
712,712.04,11,11.00,0.00,-0.00,-0.0,0.5,0.6,0.4,0,0
713,713.08,12,12.00,0.00,-0.00,-0.0,0.5,0.6,0.4,0,0
714,714.04,12,12.00,0.00,-0.00,-0.0,0.5,0.6,0.4,0,0
715,715.07,11,11.00,0.00,-0.00,-0.0,0.5,0.6,0.4,0,0
716,716.03,10,10.00,0.00,-0.00,-0.0,0.5,0.6,0.4,0,0
717,717.07,10,10.00,0.00,-0.00,-0.0,0.5,0.6,0.4,0,0
718,718.03,9,9.00,0.00,-0.00,-0.0,0.5,0.6,0.4,0,0
719,719.07,7,7.00,0.00,-0.00,-0.0,0.5,0.6,0.4,0,0
720,720.03,5,5.00,0.00,-0.00,-0.0,0.5,0.6,0.4,0,0
721,721.07,4,4.00,0.00,-0.00,-0.0,0.5,0.6,0.4,0,0
722,722.03,3,3.00,0.00,-0.00,-0.0,0.5,0.6,0.4,0,0
723,723.07,1,1.00,0.00,-0.00,-0.0,0.5,0.6,0.4,0,0
724,724.03,1,1.00,0.00,-0.00,-0.0,0.5,0.6,0.4,0,0
725,725.07,0,0.00,0.00,-0.00,-0.0,0.5,0.6,0.4,0,0
726,726.03,0,0.00,0.00,-0.00,-0.0,0.5,0.6,0.4,0,0
727,727.07,0,0.00,0.00,-0.00,-0.0,0.5,0.6,0.4,0,0
728,728.03,1,1.00,0.00,-0.00,-0.0,0.5,0.6,0.4,0,0
729,729.07,1,1.00,0.00,-0.00,-0.0,0.5,0.6,0.4,0,0
730,730.03,2,2.00,0.00,-0.00,-0.0,0.5,0.6,0.4,0,0
731,731.07,2,2.00,0.00,-0.00,-0.0,0.5,0.6,0.4,0,0
732,732.03,3,3.00,0.00,-0.00,-0.0,0.5,0.6,0.4,0,0
733,733.07,3,3.00,0.00,-0.00,-0.0,0.5,0.6,0.4,0,0
734,734.03,4,4.00,0.00,-0.00,-0.0,0.5,0.6,0.4,0,0
735,735.07,4,4.00,0.00,-0.00,-0.0,0.5,0.6,0.4,0,0
736,736.03,4,4.00,0.00,-0.00,-0.0,0.5,0.6,0.4,0,0
737,737.07,5,5.00,0.00,-0.00,-0.0,0.5,0.6,0.4,0,0
738,738.03,5,5.00,0.00,-0.00,-0.0,0.5,0.6,0.4,0,0
739,739.07,5,5.00,0.00,-0.00,-0.0,0.5,0.6,0.4,0,0
740,740.03,4,4.00,0.00,-0.00,-0.0,0.5,0.6,0.4,0,0
741,741.07,4,4.00,0.00,-0.00,-0.0,0.5,0.6,0.4,0,0
742,742.03,4,4.00,0.00,-0.00,-0.0,0.5,0.6,0.4,0,0
743,743.07,4,4.00,0.00,-0.00,-0.0,0.5,0.6,0.4,0,0
744,744.03,3,3.00,0.00,-0.00,-0.0,0.5,0.6,0.4,0,0
745,745.07,3,3.00,0.00,-0.00,-0.0,0.5,0.6,0.4,0,0
746,746.03,3,3.00,0.00,-0.00,-0.0,0.5,0.6,0.4,0,0
747,747.07,3,3.00,0.00,-0.00,-0.0,0.5,0.6,0.4,0,0
748,748.03,3,3.00,0.00,-0.00,-0.0,0.5,0.6,0.4,0,0
749,749.07,3,3.00,0.00,-0.00,-0.0,0.5,0.6,0.4,0,0
750,750.03,3,3.00,0.00,-0.00,-0.0,0.5,0.6,0.4,0,0
751,751.07,3,3.00,0.00,-0.00,-0.0,0.5,0.6,0.4,0,0
752,752.04,3,3.00,0.00,-0.00,-0.0,0.5,0.6,0.4,0,0
753,753.07,3,3.00,0.00,-0.00,-0.0,0.5,0.6,0.4,0,0
754,754.03,3,3.00,0.00,-0.00,-0.0,0.5,0.6,0.4,0,0
755,755.07,3,3.00,0.00,-0.00,-0.0,0.5,0.6,0.4,0,0
756,756.03,3,3.00,0.00,-0.00,-0.0,0.5,0.6,0.4,0,0
757,757.07,3,3.00,0.00,-0.00,-0.0,0.5,0.6,0.4,0,0
758,758.03,3,3.00,0.00,-0.00,-0.0,0.5,0.6,0.4,0,0
759,759.07,4,4.00,0.00,-0.00,-0.0,0.5,0.6,0.4,0,0
760,760.03,4,4.00,0.00,-0.00,-0.0,0.5,0.6,0.4,0,0
761,761.07,4,4.00,0.00,-0.00,-0.0,0.5,0.6,0.4,0,0
762,762.03,4,4.00,0.00,-0.00,-0.0,0.5,0.6,0.4,0,0
763,763.07,3,3.00,0.00,-0.00,-0.0,0.5,0.6,0.4,0,0
764,764.03,3,3.00,0.00,-0.00,-0.0,0.5,0.6,0.4,0,0
765,765.07,3,3.00,0.00,-0.00,-0.0,0.5,0.6,0.4,0,0
766,766.03,3,3.00,0.00,-0.00,-0.0,0.5,0.6,0.4,0,0
767,767.07,3,3.00,0.00,-0.00,-0.0,0.5,0.6,0.4,0,0
768,768.03,3,3.00,0.00,-0.00,-0.0,0.5,0.6,0.4,0,0
769,769.07,3,3.00,0.00,-0.00,-0.0,0.5,0.6,0.4,0,0
770,770.03,3,3.00,0.00,-0.00,-0.0,0.5,0.6,0.4,0,0
771,771.07,3,3.00,0.00,-0.00,-0.0,0.5,0.6,0.4,0,0
772,772.03,3,3.00,0.00,-0.00,-0.0,0.5,0.6,0.4,0,0
773,773.07,3,3.00,0.00,-0.00,-0.0,0.5,0.6,0.4,0,0
774,774.03,3,3.00,0.00,-0.00,-0.0,0.5,0.6,0.4,0,0
775,775.07,3,3.00,0.00,-0.00,-0.0,0.5,0.6,0.4,0,0
776,776.03,3,3.00,0.00,-0.00,-0.0,0.5,0.6,0.4,0,0
777,777.07,3,3.00,0.00,-0.00,-0.0,0.5,0.6,0.4,0,0
778,778.03,3,3.00,0.00,-0.00,-0.0,0.5,0.6,0.4,0,0
779,779.07,3,3.00,0.00,-0.00,-0.0,0.5,0.6,0.4,0,0
780,780.03,3,3.00,0.00,-0.00,-0.0,0.5,0.6,0.4,0,0
781,781.07,3,3.00,0.00,-0.00,-0.0,0.5,0.6,0.4,0,0
782,782.03,3,3.00,0.00,-0.00,-0.0,0.5,0.6,0.4,0,0
783,783.07,3,3.00,0.00,-0.00,-0.0,0.5,0.6,0.4,0,0
784,784.03,3,3.00,0.00,-0.00,-0.0,0.5,0.6,0.4,0,0
785,785.07,3,3.00,0.00,-0.00,-0.0,0.5,0.6,0.4,0,0
786,786.03,3,3.00,0.00,-0.00,-0.0,0.5,0.6,0.4,0,0
787,787.07,3,3.00,0.00,-0.00,-0.0,0.5,0.6,0.4,0,0
788,788.03,3,3.00,0.00,-0.00,-0.0,0.5,0.6,0.4,0,0
789,789.07,3,3.00,0.00,-0.00,-0.0,0.5,0.6,0.4,0,0
790,790.03,3,3.00,0.00,-0.00,-0.0,0.5,0.6,0.4,0,0
791,791.07,3,3.00,0.00,-0.00,-0.0,0.5,0.6,0.4,0,0
792,792.03,3,3.00,0.00,-0.00,-0.0,0.5,0.6,0.4,0,0
793,793.07,3,3.00,0.00,-0.00,-0.0,0.5,0.6,0.4,0,0
794,794.03,3,3.00,0.00,-0.00,-0.0,0.5,0.6,0.4,0,0
795,795.07,3,3.00,0.00,-0.00,-0.0,0.5,0.6,0.4,0,0
796,796.03,3,3.00,0.00,-0.00,-0.0,0.5,0.6,0.4,0,0
797,797.07,3,3.00,0.00,-0.00,-0.0,0.5,0.6,0.4,0,0
798,798.03,3,3.00,0.00,-0.00,-0.0,0.5,0.6,0.4,0,0
799,799.07,3,3.00,0.00,-0.00,-0.0,0.5,0.6,0.4,0,0
800,800.03,3,3.00,0.00,-0.00,-0.0,0.5,0.6,0.4,0,0
801,801.07,3,3.00,0.00,-0.00,-0.0,0.5,0.6,0.4,0,0
802,802.03,3,3.00,0.00,-0.00,-0.0,0.5,0.6,0.4,0,0
803,803.07,3,3.00,0.00,-0.00,-0.0,0.5,0.6,0.4,0,0
804,804.03,3,3.00,0.00,-0.00,-0.0,0.5,0.6,0.4,0,0
805,805.07,3,3.00,0.00,-0.00,-0.0,0.5,0.6,0.4,0,0
806,806.03,3,3.00,0.00,-0.00,-0.0,0.5,0.6,0.4,0,0
807,807.07,3,3.00,0.00,-0.00,-0.0,0.5,0.6,0.4,0,0
808,808.03,3,3.00,0.00,-0.00,-0.0,0.5,0.6,0.4,0,0
809,809.07,3,3.00,0.00,-0.00,-0.0,0.5,0.6,0.4,0,0
810,810.03,3,3.00,0.00,-0.00,-0.0,0.5,0.6,0.4,0,0
811,811.07,3,3.00,0.00,-0.00,-0.0,0.5,0.6,0.4,0,0
812,812.03,3,3.00,0.00,-0.00,-0.0,0.5,0.6,0.4,0,0
813,813.07,3,3.00,0.00,-0.00,-0.0,0.5,0.6,0.4,0,0
814,814.03,3,3.00,0.00,-0.00,-0.0,0.5,0.6,0.4,0,0
815,815.07,3,3.00,0.00,-0.00,-0.0,0.5,0.6,0.4,0,0
816,816.06,0,0.00,0.00,-0.00,0.0,0.5,0.5,0.5,0,0
817,817.10,0,0.00,0.00,-0.00,0.0,0.5,0.5,0.5,0,0
818,818.06,0,0.00,0.00,-0.00,0.0,0.5,0.5,0.5,0,0
819,819.10,0,0.00,0.00,-0.00,0.0,0.5,0.5,0.5,0,0
820,820.06,-1,-1.00,0.00,1.00,8.1,0.5,0.5,0.5,4092,2
821,821.10,-1,-1.00,0.00,1.00,2.4,0.5,0.5,0.5,4092,6
822,822.06,-2,-2.00,0.00,2.00,9.6,0.5,0.5,0.5,4089,8
823,823.10,-2,-2.00,0.00,2.00,3.2,0.5,0.5,0.5,4089,12
824,824.06,-3,-3.00,0.00,3.00,7.7,0.5,0.5,0.5,4086,14
825,825.10,-2,-2.00,0.00,2.00,-8.1,0.5,0.5,0.5,4089,15
826,826.06,-2,-2.00,0.00,2.00,-1.6,0.5,0.5,0.5,4089,11
827,827.11,-3,-3.00,0.00,3.00,8.1,0.5,0.5,0.5,4086,11
828,828.07,-3,-3.00,0.00,3.00,3.4,0.5,0.5,0.5,4086,14
829,829.10,-4,-4.00,0.00,4.00,9.1,0.5,0.5,0.5,4083,14
830,830.07,-4,-4.00,0.00,4.00,4.0,0.5,0.5,0.5,4083,17
831,831.11,-5,-5.00,0.00,5.00,11.5,0.5,0.5,0.5,4080,16
832,832.06,-5,-5.00,0.00,5.00,5.1,0.5,0.5,0.5,4080,19
833,833.10,-5,-5.00,0.00,5.00,3.2,0.5,0.5,0.5,4080,15
834,834.06,-4,-4.00,0.00,4.00,-8.1,0.5,0.5,0.5,4083,11
835,835.10,-4,-4.00,0.00,4.00,-0.6,0.5,0.5,0.5,4083,7
836,836.06,-4,-4.00,0.00,4.00,1.3,0.5,0.5,0.5,4083,5
837,837.10,-4,-4.00,0.00,4.00,1.8,0.5,0.5,0.5,4083,7
838,838.06,-4,-4.00,0.00,4.00,2.0,0.5,0.5,0.5,4083,8
839,839.10,-5,-5.00,0.00,5.00,10.9,0.5,0.5,0.5,4080,9
840,840.06,-5,-5.00,0.00,5.00,4.9,0.5,0.5,0.5,4080,13
841,841.10,-5,-5.00,0.00,5.00,3.1,0.5,0.5,0.5,4080,12
842,842.06,-5,-5.00,0.00,5.00,2.7,0.5,0.5,0.5,4080,11
843,843.10,-5,-5.00,0.00,5.00,2.6,0.5,0.5,0.5,4080,10
844,844.06,-5,-5.00,0.00,5.00,2.5,0.5,0.5,0.5,4080,10
845,845.10,-5,-5.00,0.00,5.00,2.5,0.5,0.5,0.5,4080,10
846,846.06,-5,-5.00,0.00,5.00,2.5,0.5,0.5,0.5,4080,10
847,847.10,-5,-5.00,0.00,5.00,2.5,0.5,0.5,0.5,4080,10
848,848.06,-5,-5.00,0.00,5.00,2.5,0.5,0.5,0.5,4080,10
849,849.10,-5,-5.00,0.00,5.00,2.5,0.5,0.5,0.5,4080,10
850,850.06,-5,-5.00,0.00,5.00,2.5,0.5,0.5,0.5,4080,10
851,851.10,-5,-5.00,0.00,5.00,2.5,0.5,0.5,0.5,4080,10
852,852.06,-5,-5.00,0.00,5.00,2.5,0.5,0.5,0.5,4080,10
853,853.11,-5,-5.00,0.00,5.00,2.5,0.5,0.5,0.5,4080,10
854,854.06,-5,-5.00,0.00,5.00,2.5,0.5,0.5,0.5,4080,10
855,855.10,-5,-5.00,0.00,5.00,2.5,0.5,0.5,0.5,4080,10
856,856.06,-5,-5.00,0.00,5.00,2.5,0.5,0.5,0.5,4080,10
857,857.10,-5,-5.00,0.00,5.00,2.5,0.5,0.5,0.5,4080,10
858,858.06,-5,-5.00,0.00,5.00,2.5,0.5,0.5,0.5,4080,10
859,859.10,-5,-5.00,0.00,5.00,2.5,0.5,0.5,0.5,4080,10
860,860.06,-5,-5.00,0.00,5.00,2.5,0.5,0.5,0.5,4080,10
861,861.10,-5,-5.00,0.00,5.00,2.5,0.5,0.5,0.5,4080,10
862,862.06,-5,-5.00,0.00,5.00,2.5,0.5,0.5,0.5,4080,10
863,863.10,-5,-5.00,0.00,5.00,2.5,0.5,0.5,0.5,4080,10
864,864.06,-5,-5.00,0.00,5.00,2.5,0.5,0.5,0.5,4080,10
865,865.10,-5,-5.00,0.00,5.00,2.5,0.5,0.5,0.5,4080,10
866,866.06,-5,-5.00,0.00,5.00,2.5,0.5,0.5,0.5,4080,10
867,867.10,-5,-5.00,0.00,5.00,2.5,0.5,0.5,0.5,4080,10
868,868.06,-5,-5.00,0.00,5.00,2.5,0.5,0.5,0.5,4080,10
869,869.10,-5,-5.00,0.00,5.00,2.5,0.5,0.5,0.5,4080,10
870,870.06,-5,-5.00,0.00,5.00,2.5,0.5,0.5,0.5,4080,10
871,871.11,-5,-5.00,0.00,5.00,2.5,0.5,0.5,0.5,4080,10
872,872.06,-5,-5.00,0.00,5.00,2.5,0.5,0.5,0.5,4080,10
873,873.10,-5,-5.00,0.00,5.00,2.5,0.5,0.5,0.5,4080,10
874,874.06,-5,-5.00,0.00,5.00,2.5,0.5,0.5,0.5,4080,10
875,875.10,-5,-5.00,0.00,5.00,2.5,0.5,0.5,0.5,4080,10
876,876.06,-5,-5.00,0.00,5.00,2.5,0.5,0.5,0.5,4080,10
877,877.10,-5,-5.00,0.00,5.00,2.5,0.5,0.5,0.5,4080,10
878,878.06,-5,-5.00,0.00,5.00,2.5,0.5,0.5,0.5,4080,10
879,879.10,-5,-5.00,0.00,5.00,2.5,0.5,0.5,0.5,4080,10
880,880.06,-5,-5.00,0.00,5.00,2.5,0.5,0.5,0.5,4080,10
881,881.10,-5,-5.00,0.00,5.00,2.5,0.5,0.5,0.5,4080,10
882,882.06,-5,-5.00,0.00,5.00,2.5,0.5,0.5,0.5,4080,10
883,883.10,-5,-5.00,0.00,5.00,2.5,0.5,0.5,0.5,4080,10
884,884.06,-5,-5.00,0.00,5.00,2.5,0.5,0.5,0.5,4080,10
885,885.10,-5,-5.00,0.00,5.00,2.5,0.5,0.5,0.5,4080,10
886,886.06,-5,-5.00,0.00,5.00,2.5,0.5,0.5,0.5,4080,10
887,887.10,-5,-5.00,0.00,5.00,2.5,0.5,0.5,0.5,4080,10
888,888.06,-5,-5.00,0.00,5.00,2.5,0.5,0.5,0.5,4080,10
889,889.11,-5,-5.00,0.00,5.00,2.5,0.5,0.5,0.5,4080,10
890,890.06,-5,-5.00,0.00,5.00,2.5,0.5,0.5,0.5,4080,10
891,891.10,-5,-5.00,0.00,5.00,2.5,0.5,0.5,0.5,4080,10
892,892.06,-5,-5.00,0.00,5.00,2.5,0.5,0.5,0.5,4080,10
893,893.11,-5,-5.00,0.00,5.00,2.5,0.5,0.5,0.5,4080,10
894,894.07,-5,-5.00,0.00,5.00,2.5,0.5,0.5,0.5,4080,10
895,895.11,-5,-5.00,0.00,5.00,2.5,0.5,0.5,0.5,4080,10
896,896.06,-5,-5.00,0.00,5.00,2.5,0.5,0.5,0.5,4080,10
897,897.10,-5,-5.00,0.00,5.00,2.5,0.5,0.5,0.5,4080,10
898,898.06,-5,-5.00,0.00,5.00,2.5,0.5,0.5,0.5,4080,10
899,899.10,-5,-5.00,0.00,5.00,2.5,0.5,0.5,0.5,4080,10
900,900.07,-5,-5.00,0.00,5.00,2.5,0.5,0.5,0.5,4080,10
901,901.10,-5,-5.00,0.00,5.00,2.5,0.5,0.5,0.5,4080,10
902,902.06,-5,-5.00,0.00,5.00,2.5,0.5,0.5,0.5,4080,10
903,903.10,-5,-5.00,0.00,5.00,2.5,0.5,0.5,0.5,4080,10
904,904.06,-5,-5.00,0.00,5.00,2.5,0.5,0.5,0.5,4080,10
905,905.10,-5,-5.00,0.00,5.00,2.5,0.5,0.5,0.5,4080,10
906,906.06,-5,-5.00,0.00,5.00,2.5,0.5,0.5,0.5,4080,10
907,907.10,-5,-5.00,0.00,5.00,2.5,0.5,0.5,0.5,4080,10
908,908.06,-5,-5.00,0.00,5.00,2.5,0.5,0.5,0.5,4080,10
909,909.10,-5,-5.00,0.00,5.00,2.5,0.5,0.5,0.5,4080,10
910,910.06,-5,-5.00,0.00,5.00,2.5,0.5,0.5,0.5,4080,10
911,911.10,-5,-5.00,0.00,5.00,2.5,0.5,0.5,0.5,4080,10
912,912.06,-5,-5.00,0.00,5.00,2.5,0.5,0.5,0.5,4080,10
913,913.10,-5,-5.00,0.00,5.00,2.5,0.5,0.5,0.5,4080,10
914,914.06,-5,-5.00,0.00,5.00,2.5,0.5,0.5,0.5,4080,10
915,915.10,-5,-5.00,0.00,5.00,2.5,0.5,0.5,0.5,4080,10
916,916.06,-5,-5.00,0.00,5.00,2.5,0.5,0.5,0.5,4080,10
917,917.10,-5,-5.00,0.00,5.00,2.5,0.5,0.5,0.5,4080,10
918,918.06,-5,-5.00,0.00,5.00,2.5,0.5,0.5,0.5,4080,10
919,919.10,-5,-5.00,0.00,5.00,2.5,0.5,0.5,0.5,4080,10
920,920.06,-5,-5.00,0.00,5.00,2.5,0.5,0.5,0.5,4080,10
921,921.10,-5,-5.00,0.00,5.00,2.5,0.5,0.5,0.5,4080,10
922,922.06,-5,-5.00,0.00,5.00,2.5,0.5,0.5,0.5,4080,10
923,923.10,-5,-5.00,0.00,5.00,2.5,0.5,0.5,0.5,4080,10
924,924.06,-5,-5.00,0.00,5.00,2.5,0.5,0.5,0.5,4080,10
925,925.10,-5,-5.00,0.00,5.00,2.5,0.5,0.5,0.5,4080,10
926,926.06,-5,-5.00,0.00,5.00,2.5,0.5,0.5,0.5,4080,10
927,927.10,-5,-5.00,0.00,5.00,2.5,0.5,0.5,0.5,4080,10
928,928.06,-5,-5.00,0.00,5.00,2.5,0.5,0.5,0.5,4080,10
929,929.10,-5,-5.00,0.00,5.00,2.5,0.5,0.5,0.5,4080,10
930,930.06,-5,-5.00,0.00,5.00,2.5,0.5,0.5,0.5,4080,10
931,931.10,-5,-5.00,0.00,5.00,2.5,0.5,0.5,0.5,4080,10
932,932.06,-5,-5.00,0.00,5.00,2.5,0.5,0.5,0.5,4080,10
933,933.10,-5,-5.00,0.00,5.00,2.5,0.5,0.5,0.5,4080,10
934,934.06,-5,-5.00,0.00,5.00,2.5,0.5,0.5,0.5,4080,10
935,935.10,-5,-5.00,0.00,5.00,2.5,0.5,0.5,0.5,4080,10
936,936.06,-5,-5.00,0.00,5.00,2.5,0.5,0.5,0.5,4080,10
937,937.10,-5,-5.00,0.00,5.00,2.5,0.5,0.5,0.5,4080,10
938,938.06,-5,-5.00,0.00,5.00,2.5,0.5,0.5,0.5,4080,10
939,939.10,-5,-5.00,0.00,5.00,2.5,0.5,0.5,0.5,4080,10
940,940.06,-5,-5.00,0.00,5.00,2.5,0.5,0.5,0.5,4080,10
941,941.10,-5,-5.00,0.00,5.00,2.5,0.5,0.5,0.5,4080,10
942,942.06,-5,-5.00,0.00,5.00,2.5,0.5,0.5,0.5,4080,10
943,943.10,-5,-5.00,0.00,5.00,2.5,0.5,0.5,0.5,4080,10
944,944.06,-5,-5.00,0.00,5.00,2.5,0.5,0.5,0.5,4080,10
945,945.10,-5,-5.00,0.00,5.00,2.5,0.5,0.5,0.5,4080,10
946,946.06,-5,-5.00,0.00,5.00,2.5,0.5,0.5,0.5,4080,10
947,947.10,-5,-5.00,0.00,5.00,2.5,0.5,0.5,0.5,4080,10
948,948.06,-5,-5.00,0.00,5.00,2.5,0.5,0.5,0.5,4080,10
949,949.10,-5,-5.00,0.00,5.00,2.5,0.5,0.5,0.5,4080,10
950,950.06,-5,-5.00,0.00,5.00,2.5,0.5,0.5,0.5,4080,10
951,951.10,-5,-5.00,0.00,5.00,2.5,0.5,0.5,0.5,4080,10
952,952.06,-5,-5.00,0.00,5.00,2.5,0.5,0.5,0.5,4080,10
953,953.10,-5,-5.00,0.00,5.00,2.5,0.5,0.5,0.5,4080,10
954,954.06,-5,-5.00,0.00,5.00,2.5,0.5,0.5,0.5,4080,10
955,955.10,-5,-5.00,0.00,5.00,2.5,0.5,0.5,0.5,4080,10
956,956.06,-5,-5.00,0.00,5.00,2.5,0.5,0.5,0.5,4080,10
957,957.10,-5,-5.00,0.00,5.00,2.5,0.5,0.5,0.5,4080,10
958,958.06,-5,-5.00,0.00,5.00,2.5,0.5,0.5,0.5,4080,10
959,959.10,-5,-5.00,0.00,5.00,2.5,0.5,0.5,0.5,4080,10
960,960.06,-5,-5.00,0.00,5.00,2.5,0.5,0.5,0.5,4080,10
961,961.10,-5,-5.00,0.00,5.00,2.5,0.5,0.5,0.5,4080,10
962,962.06,-5,-5.00,0.00,5.00,2.5,0.5,0.5,0.5,4080,10
963,963.10,-5,-5.00,0.00,5.00,2.5,0.5,0.5,0.5,4080,10
964,964.06,-5,-5.00,0.00,5.00,2.5,0.5,0.5,0.5,4080,10
965,965.10,-5,-5.00,0.00,5.00,2.5,0.5,0.5,0.5,4080,10
966,966.06,-5,-5.00,0.00,5.00,2.5,0.5,0.5,0.5,4080,10
967,967.10,-5,-5.00,0.00,5.00,2.5,0.5,0.5,0.5,4080,10
968,968.06,-5,-5.00,0.00,5.00,2.5,0.5,0.5,0.5,4080,10
969,969.10,-5,-5.00,0.00,5.00,2.5,0.5,0.5,0.5,4080,10
970,970.06,-5,-5.00,0.00,5.00,2.5,0.5,0.5,0.5,4080,10
971,971.10,-5,-5.00,0.00,5.00,2.5,0.5,0.5,0.5,4080,10
972,972.06,-5,-5.00,0.00,5.00,2.5,0.5,0.5,0.5,4080,10
973,973.10,-5,-5.00,0.00,5.00,2.5,0.5,0.5,0.5,4080,10
974,974.06,-5,-5.00,0.00,5.00,2.5,0.5,0.5,0.5,4080,10
975,975.10,-5,-5.00,0.00,5.00,2.5,0.5,0.5,0.5,4080,10
976,976.06,-5,-5.00,0.00,5.00,2.5,0.5,0.5,0.5,4080,10
977,977.10,-5,-5.00,0.00,5.00,2.5,0.5,0.5,0.5,4080,10
978,978.06,-5,-5.00,0.00,5.00,2.5,0.5,0.5,0.5,4080,10
979,979.10,-5,-5.00,0.00,5.00,2.5,0.5,0.5,0.5,4080,10
980,980.06,-5,-5.00,0.00,5.00,2.5,0.5,0.5,0.5,4080,10
981,981.10,-5,-5.00,0.00,5.00,2.5,0.5,0.5,0.5,4080,10
982,982.06,-5,-5.00,0.00,5.00,2.5,0.5,0.5,0.5,4080,10
983,983.10,-5,-5.00,0.00,5.00,2.5,0.5,0.5,0.5,4080,10
984,984.06,-5,-5.00,0.00,5.00,2.5,0.5,0.5,0.5,4080,10
985,985.10,-5,-5.00,0.00,5.00,2.5,0.5,0.5,0.5,4080,10
986,986.06,-5,-5.00,0.00,5.00,2.5,0.5,0.5,0.5,4080,10
987,987.10,-5,-5.00,0.00,5.00,2.5,0.5,0.5,0.5,4080,10
988,988.06,-5,-5.00,0.00,5.00,2.5,0.5,0.5,0.5,4080,10
989,989.10,-5,-5.00,0.00,5.00,2.5,0.5,0.5,0.5,4080,10
990,990.06,-5,-5.00,0.00,5.00,2.5,0.5,0.5,0.5,4080,10
991,991.10,-5,-5.00,0.00,5.00,2.5,0.5,0.5,0.5,4080,10
992,992.06,-5,-5.00,0.00,5.00,2.5,0.5,0.5,0.5,4080,10
993,993.10,-5,-5.00,0.00,5.00,2.5,0.5,0.5,0.5,4080,10
994,994.06,-5,-5.00,0.00,5.00,2.5,0.5,0.5,0.5,4080,10
995,995.10,-5,-5.00,0.00,5.00,2.5,0.5,0.5,0.5,4080,10
996,996.06,-5,-5.00,0.00,5.00,2.5,0.5,0.5,0.5,4080,10
997,997.10,-5,-5.00,0.00,5.00,2.5,0.5,0.5,0.5,4080,10
998,998.06,-5,-5.00,0.00,5.00,2.5,0.5,0.5,0.5,4080,10
999,999.10,-5,-5.00,0.00,5.00,2.5,0.5,0.5,0.5,4080,10
